workload,variant,metric,runs,mean,std,ci_lower,ci_upper
light,AHDETS,deadline_success_rate,30,1.0,0.0,1.0,1.0
light,AHDETS,average_response_time,30,0.621572404995248,0.013318802630039947,0.6165990823589211,0.6265457276315749
light,AHDETS,system_utilization,30,0.18680777405221222,0.007684072484671927,0.18393849423114167,0.18967705387328276
light,AHDETS,total_energy_consumed,30,621.572404995248,13.31880263004001,616.5990823589211,626.5457276315749
light,No_Deadline,deadline_success_rate,30,1.0,0.0,1.0,1.0
light,No_Deadline,average_response_time,30,0.621572404995248,0.013318802630039947,0.6165990823589211,0.6265457276315749
light,No_Deadline,system_utilization,30,0.18680777405221222,0.007684072484671927,0.18393849423114167,0.18967705387328276
light,No_Deadline,total_energy_consumed,30,621.572404995248,13.31880263004001,616.5990823589211,626.5457276315749
light,No_Execution,deadline_success_rate,30,0.9999,0.0003051285766293649,0.9997860631169864,1.0000139368830137
light,No_Execution,average_response_time,30,0.6224746850705838,0.013463997744915412,0.6174471456873352,0.6275022244538324
light,No_Execution,system_utilization,30,0.18697634826411724,0.007694226438983535,0.18410327689419437,0.18984941963404012
light,No_Execution,total_energy_consumed,30,622.4687147455757,13.466356335770577,617.4402946500276,627.4971348411237
light,No_Capacity,deadline_success_rate,30,0.9999333333333333,0.00025370813170246263,0.9998385971600102,1.0000280695066566
light,No_Capacity,average_response_time,30,0.4472136881518218,0.012764156697911913,0.4424474737102795,0.45197990259336407
light,No_Capacity,system_utilization,30,0.18705083717888046,0.007608601238936408,0.18420973878411634,0.1898919355736446
light,No_Capacity,total_energy_consumed,30,447.210195128994,12.759023245961215,442.4458975499128,451.97449270807516
light,No_Energy,deadline_success_rate,30,0.9999,0.00040257789993644925,0.9997496749416406,1.0000503250583594
light,No_Energy,average_response_time,30,0.4593931715252559,0.011573767477372583,0.45507145572379365,0.4637148873267181
light,No_Energy,system_utilization,30,0.1871174198333159,0.007678757587900563,0.184250124627316,0.1899847150393158
light,No_Energy,total_energy_consumed,30,459.3927649623298,11.574403740146574,455.0708115764432,463.7147183482164
moderate,AHDETS,deadline_success_rate,30,0.9885666666666668,0.0033598371608050386,0.9873120828523143,0.9898212504810193
moderate,AHDETS,average_response_time,30,0.6677451414950962,0.030504025237469035,0.6563547512756014,0.6791355317145911
moderate,AHDETS,system_utilization,30,0.7356183246538492,0.028105585829347704,0.7251235264279893,0.7461131228797092
moderate,AHDETS,total_energy_consumed,30,623.051452821783,14.10424268444359,617.7848420490861,628.3180635944798
moderate,No_Deadline,deadline_success_rate,30,0.9868333333333332,0.003553369778338474,0.9855064832519309,0.9881601834147355
moderate,No_Deadline,average_response_time,30,0.6667971259415847,0.027845472000384824,0.6563994558157151,0.6771947960674543
moderate,No_Deadline,system_utilization,30,0.736330602685549,0.02943593609233441,0.725339043507452,0.7473221618636459
moderate,No_Deadline,total_energy_consumed,30,623.1445500729858,13.924474682340138,617.9450657754672,628.3440343705043
moderate,No_Execution,deadline_success_rate,30,0.9884666666666665,0.0032348675113661107,0.987258747286323,0.98967458604701
moderate,No_Execution,average_response_time,30,0.6680132823115353,0.02665149846383901,0.6580614492313388,0.6779651153917319
moderate,No_Execution,system_utilization,30,0.736053187656556,0.02959082389192858,0.7250037924235817,0.7471025828895304
moderate,No_Execution,total_energy_consumed,30,623.75990053336,13.40678522035992,618.7537246578798,628.7660764088401
moderate,No_Capacity,deadline_success_rate,30,0.9850666666666665,0.0020667037445691386,0.9842949468055835,0.9858383865277496
moderate,No_Capacity,average_response_time,30,0.6309115075646112,0.035155170503344366,0.6177843511598851,0.6440386639693374
moderate,No_Capacity,system_utilization,30,0.7365049807010169,0.028666414597524024,0.7258007655714495,0.7472091958305843
moderate,No_Capacity,total_energy_consumed,30,591.8236017694084,17.92263238727758,585.1311808491395,598.5160226896772
moderate,No_Energy,deadline_success_rate,30,0.9852999999999998,0.0033748563187806697,0.9840398079398903,0.9865601920601094
moderate,No_Energy,average_response_time,30,0.6389155671065824,0.03651685228565986,0.625279950368028,0.6525511838451368
moderate,No_Energy,system_utilization,30,0.7371661437256098,0.03038815582334667,0.7258190198564108,0.7485132675948089
moderate,No_Energy,total_energy_consumed,30,598.9392275169424,20.788338403834583,591.1767343839465,606.7017206499384
heavy,AHDETS,deadline_success_rate,30,0.9427,0.018997549751263273,0.935606198339511,0.949793801660489
heavy,AHDETS,average_response_time,30,2.944572623688718,0.6407106818843346,2.7053273231866406,3.1838179241907953
heavy,AHDETS,system_utilization,30,0.9673573483129978,0.012564537704448351,0.9626656728286282,0.9720490237973674
heavy,AHDETS,total_energy_consumed,30,622.9381678392377,13.302094059494264,617.9710842856891,627.9052513927863
heavy,No_Deadline,deadline_success_rate,30,0.9262666666666667,0.016345268920759708,0.9201632429446935,0.9323700903886398
heavy,No_Deadline,average_response_time,30,2.6683653359479154,0.6507485065906807,2.4253718501007864,2.9113588217950443
heavy,No_Deadline,system_utilization,30,0.9628215293463706,0.01239564780976448,0.9581929183851124,0.9674501403076287
heavy,No_Deadline,total_energy_consumed,30,623.4368414240649,13.660263541979868,618.3360151877567,628.5376676603731
heavy,No_Execution,deadline_success_rate,30,0.9423666666666667,0.02063723339740212,0.9346605970703675,0.9500727362629658
heavy,No_Execution,average_response_time,30,3.0483808229370326,0.6598097402493455,2.802003816835159,3.294757829038906
heavy,No_Execution,system_utilization,30,0.9608814432228375,0.0125104584137258,0.9562099612774954,0.9655529251681797
heavy,No_Execution,total_energy_consumed,30,623.3985488050382,13.287271224576045,618.4370001890122,628.3600974210642
heavy,No_Capacity,deadline_success_rate,30,0.9432333333333333,0.019660363299223903,0.9358920330265094,0.9505746336401572
heavy,No_Capacity,average_response_time,30,2.899695504728551,0.6578413408992342,2.6540535110235997,3.145337498433502
heavy,No_Capacity,system_utilization,30,0.9648317839566276,0.012892467158484957,0.9600176576016971,0.9696459103115581
heavy,No_Capacity,total_energy_consumed,30,622.5844441314205,13.084680563995144,617.6985441113053,627.4703441515356
heavy,No_Energy,deadline_success_rate,30,0.9427333333333332,0.019620420982747258,0.935406947732598,0.9500597189340684
heavy,No_Energy,average_response_time,30,2.913932764264851,0.6571476795070058,2.6685497879805897,3.159315740549112
heavy,No_Energy,system_utilization,30,0.9650294555334854,0.014437269504151775,0.9596384905026045,0.9704204205643663
heavy,No_Energy,total_energy_consumed,30,622.889596720894,13.468455412016652,617.8603928173942,627.9188006243938
