arrival_rate,offered_load,algorithm,deadline_success_rate_mean,deadline_success_rate_std,response_time_mean,response_time_std,utilization_mean,utilization_std,energy_mean,energy_std
3.0,0.18923076923076923,AHDETS,1.0,0.0,0.621572404995248,0.013318802630039945,0.1868077740522123,0.007684072484671927,621.572404995248,13.31880263004
3.0,0.18923076923076923,EDF,0.9999666666666667,0.00018257418583505445,0.3949493829121399,0.009573674587538055,0.18719412752800516,0.007665300939759893,311.0882600421913,9.801366209423273
3.0,0.18923076923076923,FCFS,0.9999666666666667,0.00018257418583505445,0.3949493829121399,0.009573674587538055,0.18719412752800516,0.007665300939759893,311.0882600421913,9.801366209423273
3.0,0.18923076923076923,SJF,0.9999666666666667,0.00018257418583505445,0.3949493829121399,0.009573674587538055,0.18719412752800516,0.007665300939759893,311.0882600421913,9.801366209423273
6.0,0.37846153846153846,AHDETS,0.9988333333333334,0.0012058287558794312,0.6224757157163971,0.013451502466394257,0.3720764355448495,0.015435393935471548,622.00812967552,13.348238763850986
6.0,0.37846153846153846,EDF,0.9985666666666667,0.0011351236704106001,0.4523507962963799,0.014903349607444898,0.37352564014433415,0.015131274408432727,439.82674927826145,15.387215484191367
6.0,0.37846153846153846,FCFS,0.9985333333333333,0.0011366415543118515,0.4523201707419768,0.014904549420523097,0.37352564014433415,0.015131274408432725,439.79298798751677,15.386694405487903
6.0,0.37846153846153846,SJF,0.9985666666666667,0.0011351236704106001,0.45234528682704067,0.01491204281613732,0.37352564014433415,0.015131274408432725,439.8224057097296,15.390670695334629
9.0,0.5676923076923077,AHDETS,0.9945666666666667,0.0022846313115872925,0.6290689015657012,0.015126789636082607,0.5559304085932832,0.023254298131407756,622.0818052435372,13.75265306394757
9.0,0.5676923076923077,EDF,0.9911,0.0032200878120389013,0.5320044373355642,0.020376969723439397,0.5574149836087734,0.022266870648225464,528.025754140335,19.182750702149935
9.0,0.5676923076923077,FCFS,0.9901,0.0035169540112491566,0.5323270974582442,0.021191238339379966,0.5575561764126841,0.022164315477910628,527.9491913716257,19.883009866161515
9.0,0.5676923076923077,SJF,0.9909666666666667,0.0032745974570544028,0.5320409729332367,0.02081715409355911,0.5574149836087734,0.022266870648225467,528.0562120901672,19.62362831007009
12.0,0.7569230769230769,AHDETS,0.9885666666666667,0.0033598371608050586,0.6677451414950963,0.030504025237469038,0.7356183246538494,0.028105585829347735,623.0514528217828,14.104242684443584
12.0,0.7569230769230769,EDF,0.9807333333333333,0.0041267281298228604,0.6267004666113766,0.032641703385891806,0.7363739017520623,0.027141715688288125,589.4019099092895,18.396258862078167
12.0,0.7569230769230769,FCFS,0.9677,0.009766762778547131,0.6353238691697302,0.0375444984148401,0.7367360321332218,0.027997584269199693,588.9434925746523,18.278341838087027
12.0,0.7569230769230769,SJF,0.9793333333333333,0.004062726563089982,0.6268649428022137,0.03256208912668716,0.7365620032663079,0.0281033521819144,590.1536868860987,18.26015365058496
15.0,0.9461538461538461,AHDETS,0.9879666666666667,0.005288134625375199,0.9211310502231864,0.229406301806038,0.9068724482790823,0.0304020128618434,623.883634721445,13.467047598108254
15.0,0.9461538461538461,EDF,0.9571333333333333,0.055339537112412594,0.8960508195383345,0.2296597749311533,0.9070369989980204,0.030159355151127762,617.5142576145674,15.487604093303624
15.0,0.9461538461538461,FCFS,0.8426666666666667,0.085546250178136,1.0037514768377926,0.30087177712919505,0.9053723179275358,0.027550066180985294,617.3668535122011,15.091964473004499
15.0,0.9461538461538461,SJF,0.9503333333333333,0.01716920525811843,0.8663141616081498,0.1809246826354933,0.9065866025734343,0.03226293404010754,617.129971249977,15.150443535337649
18.0,1.1353846153846154,AHDETS,0.9427,0.01899754975126324,2.944572623688718,0.6407106818843346,0.9673573483129978,0.012564537704448332,622.9381678392378,13.302094059494287
18.0,1.1353846153846154,EDF,0.3557666666666667,0.13159412085529568,3.470739130848039,0.9936873965184424,0.9676918675931235,0.011256539716764468,622.3225608031001,13.662355803167097
18.0,1.1353846153846154,FCFS,0.2567333333333333,0.09088944907976387,4.076154109366623,1.056782389369682,0.9735135427459451,0.008957019595812975,621.8672180089847,13.54079548822876
18.0,1.1353846153846154,SJF,0.8681333333333333,0.02193679531075012,2.534065583095542,0.6050263534878875,0.9606205439232648,0.013016790868629953,622.8282436515988,13.382403266511252
21.0,1.3246153846153845,AHDETS,0.8744,0.019988962471565525,5.146956742462654,0.6541349861101424,0.970264150739217,0.010422440008383525,622.8683673565015,13.46518538682252
21.0,1.3246153846153845,EDF,0.17806666666666665,0.05594821086371372,7.049423337110633,0.9767593313339519,0.9733436374588504,0.011472997697075446,622.2251233936207,13.44443282295169
21.0,1.3246153846153845,FCFS,0.11833333333333333,0.03575812744203644,7.83523316561743,1.0180594083973777,0.9746499673264917,0.009779988632735616,622.034395768393,13.682596484245597
21.0,1.3246153846153845,SJF,0.8038666666666666,0.02099381408617919,4.632388737857294,0.6309935037731002,0.9710304701405181,0.011211209667641758,622.2658771530591,13.602346612758652
