workload,algorithm,runs,deadline_success_rate_mean,deadline_success_rate_std,deadline_success_rate_ci_lower,deadline_success_rate_ci_upper,average_response_time_mean,average_response_time_std,average_response_time_ci_lower,average_response_time_ci_upper,system_utilization_mean,system_utilization_std,system_utilization_ci_lower,system_utilization_ci_upper,total_energy_consumed_mean,total_energy_consumed_std,total_energy_consumed_ci_lower,total_energy_consumed_ci_upper
heavy,AHDETS,30,0.9427,0.018997549751263273,0.935606198339511,0.949793801660489,2.944572623688718,0.6407106818843346,2.7053273231866406,3.1838179241907953,0.9673573483129978,0.012564537704448351,0.9626656728286282,0.9720490237973674,622.9381678392377,13.302094059494264,617.9710842856891,627.9052513927863
heavy,EDF,30,0.3557666666666667,0.13159412085529568,0.3066286143780122,0.40490471895532115,3.4707391308480395,0.9936873965184422,3.099690158968874,3.841788102727205,0.9676918675931235,0.011256539716764465,0.9634886065842224,0.9718951286020246,622.3225608031,13.662355803167104,617.2209533036248,627.4241683025753
heavy,FCFS,30,0.25673333333333337,0.09088944907976386,0.2227946552803867,0.29067201138628007,4.076154109366624,1.056782389369682,3.681545079958097,4.470763138775151,0.9735135427459451,0.008957019595812993,0.970168936661806,0.9768581488300843,621.8672180089845,13.540795488228746,616.8110018770935,626.9234341408755
heavy,SJF,30,0.8681333333333333,0.021936795310750098,0.8599419993434929,0.8763246673231737,2.534065583095542,0.6050263534878875,2.3081450298027892,2.759986136388295,0.9606205439232649,0.01301679086862992,0.9557599943320217,0.9654810935145081,622.8282436515988,13.382403266511263,617.8311721473118,627.8253151558857
light,AHDETS,30,1.0,0.0,1.0,1.0,0.621572404995248,0.013318802630039947,0.6165990823589211,0.6265457276315749,0.18680777405221222,0.007684072484671927,0.18393849423114167,0.18967705387328276,621.572404995248,13.31880263004001,616.5990823589211,626.5457276315749
light,EDF,30,0.9999666666666668,0.0001825741858350555,0.9998984923452624,1.0,0.3949493829121398,0.009573674587538052,0.39137451406982804,0.3985242517544516,0.18719412752800507,0.007665300939759898,0.1843318571170011,0.19005639793900905,311.0882600421913,9.801366209423279,307.42836975097913,314.74815033340343
light,FCFS,30,0.9999666666666668,0.0001825741858350555,0.9998984923452624,1.0,0.3949493829121398,0.009573674587538052,0.39137451406982804,0.3985242517544516,0.18719412752800507,0.007665300939759898,0.1843318571170011,0.19005639793900905,311.0882600421913,9.801366209423279,307.42836975097913,314.74815033340343
light,SJF,30,0.9999666666666668,0.0001825741858350555,0.9998984923452624,1.0,0.3949493829121398,0.009573674587538052,0.39137451406982804,0.3985242517544516,0.18719412752800507,0.007665300939759898,0.1843318571170011,0.19005639793900905,311.0882600421913,9.801366209423279,307.42836975097913,314.74815033340343
moderate,AHDETS,30,0.9885666666666668,0.0033598371608050386,0.9873120828523143,0.9898212504810193,0.6677451414950962,0.030504025237469035,0.6563547512756013,0.6791355317145912,0.7356183246538492,0.028105585829347704,0.7251235264279893,0.7461131228797092,623.051452821783,14.10424268444359,617.7848420490861,628.3180635944798
moderate,EDF,30,0.9807333333333333,0.004126728129822861,0.9791923877249252,0.9822742789417415,0.6267004666113766,0.03264170338589179,0.6145118542528469,0.6388890789699062,0.7363739017520622,0.027141715688288104,0.7262390185519119,0.7465087849522125,589.4019099092894,18.39625886207817,582.5326339567988,596.27118586178
moderate,FCFS,30,0.9676999999999999,0.009766762778547145,0.9640530308422298,0.97134696915777,0.6353238691697303,0.037544498414840116,0.6213045230601242,0.6493432152793364,0.736736032133222,0.027997584269199707,0.7262815623527008,0.7471905019137433,588.9434925746523,18.27834183808704,582.1182475625483,595.7687375867563
moderate,SJF,30,0.9793333333333333,0.004062726563089967,0.9778162863027053,0.9808503803639612,0.6268649428022137,0.032562089126687156,0.6147060588966445,0.6390238267077829,0.7365620032663079,0.028103352181914374,0.726068039098107,0.7470559674345089,590.1536868860987,18.260153650584943,583.3352334548244,596.972140317373
