workload,variant,run,deadline_success_rate,average_response_time,system_utilization,total_energy_consumed
light,AHDETS,1,1.0,0.625836494711819,0.18411278752113988,625.8364947118193
light,AHDETS,2,1.0,0.6346765923383432,0.19186973873958146,634.6765923383434
light,AHDETS,3,1.0,0.650213734924508,0.21053676879981556,650.2137349245075
light,AHDETS,4,1.0,0.5986262583546837,0.17685913497832104,598.6262583546836
light,AHDETS,5,1.0,0.6116320071954384,0.18604771533675418,611.6320071954382
light,AHDETS,6,1.0,0.649966851373822,0.1794401164007586,649.9668513738228
light,AHDETS,7,1.0,0.6216780024196042,0.19115206982643154,621.6780024196044
light,AHDETS,8,1.0,0.6151267539298405,0.19311507601013314,615.1267539298408
light,AHDETS,9,1.0,0.612299969873268,0.1857766868649548,612.2999698732684
light,AHDETS,10,1.0,0.6177057338827797,0.18761419031150875,617.7057338827798
light,AHDETS,11,1.0,0.6240378738702742,0.1997933577030746,624.0378738702743
light,AHDETS,12,1.0,0.6049902428919737,0.18597360997262322,604.9902428919742
light,AHDETS,13,1.0,0.6180106013707192,0.18203294081388252,618.0106013707193
light,AHDETS,14,1.0,0.6354188139063949,0.1940884065194173,635.4188139063945
light,AHDETS,15,1.0,0.6279892868613479,0.18516918112295366,627.9892868613478
light,AHDETS,16,1.0,0.6349542974110495,0.18785012627331077,634.9542974110499
light,AHDETS,17,1.0,0.6257870400563916,0.19192628509085813,625.787040056392
light,AHDETS,18,1.0,0.6403873048682656,0.19329419999305836,640.3873048682659
light,AHDETS,19,1.0,0.6094906786300014,0.18135346324651788,609.4906786300014
light,AHDETS,20,1.0,0.6121956805699552,0.17745126941945594,612.1956805699544
light,AHDETS,21,1.0,0.6278446954547849,0.1846981880022863,627.8446954547846
light,AHDETS,22,1.0,0.5995264047132375,0.1713121725071959,599.5264047132373
light,AHDETS,23,1.0,0.6166006996930903,0.18393253471204,616.6006996930901
light,AHDETS,24,1.0,0.6209697786905092,0.1830859237654782,620.9697786905093
light,AHDETS,25,1.0,0.6397708459566049,0.19721428609722222,639.7708459566047
light,AHDETS,26,1.0,0.6089304720275697,0.18045333754760515,608.9304720275694
light,AHDETS,27,1.0,0.6158700665118204,0.18701792095645578,615.8700665118203
light,AHDETS,28,1.0,0.622030391707423,0.18760251670636685,622.0303917074228
light,AHDETS,29,1.0,0.6111579847921986,0.18153746965233739,611.1579847921987
light,AHDETS,30,1.0,0.6134465908697199,0.1819217466748291,613.4465908697197
light,No_Deadline,1,1.0,0.625836494711819,0.18411278752113988,625.8364947118193
light,No_Deadline,2,1.0,0.6346765923383432,0.19186973873958146,634.6765923383434
light,No_Deadline,3,1.0,0.650213734924508,0.21053676879981556,650.2137349245075
light,No_Deadline,4,1.0,0.5986262583546837,0.17685913497832104,598.6262583546836
light,No_Deadline,5,1.0,0.6116320071954384,0.18604771533675418,611.6320071954382
light,No_Deadline,6,1.0,0.649966851373822,0.1794401164007586,649.9668513738228
light,No_Deadline,7,1.0,0.6216780024196042,0.19115206982643154,621.6780024196044
light,No_Deadline,8,1.0,0.6151267539298405,0.19311507601013314,615.1267539298408
light,No_Deadline,9,1.0,0.612299969873268,0.1857766868649548,612.2999698732684
light,No_Deadline,10,1.0,0.6177057338827797,0.18761419031150875,617.7057338827798
light,No_Deadline,11,1.0,0.6240378738702742,0.1997933577030746,624.0378738702743
light,No_Deadline,12,1.0,0.6049902428919737,0.18597360997262322,604.9902428919742
light,No_Deadline,13,1.0,0.6180106013707192,0.18203294081388252,618.0106013707193
light,No_Deadline,14,1.0,0.6354188139063949,0.1940884065194173,635.4188139063945
light,No_Deadline,15,1.0,0.6279892868613479,0.18516918112295366,627.9892868613478
light,No_Deadline,16,1.0,0.6349542974110495,0.18785012627331077,634.9542974110499
light,No_Deadline,17,1.0,0.6257870400563916,0.19192628509085813,625.787040056392
light,No_Deadline,18,1.0,0.6403873048682656,0.19329419999305836,640.3873048682659
light,No_Deadline,19,1.0,0.6094906786300014,0.18135346324651788,609.4906786300014
light,No_Deadline,20,1.0,0.6121956805699552,0.17745126941945594,612.1956805699544
light,No_Deadline,21,1.0,0.6278446954547849,0.1846981880022863,627.8446954547846
light,No_Deadline,22,1.0,0.5995264047132375,0.1713121725071959,599.5264047132373
light,No_Deadline,23,1.0,0.6166006996930903,0.18393253471204,616.6006996930901
light,No_Deadline,24,1.0,0.6209697786905092,0.1830859237654782,620.9697786905093
light,No_Deadline,25,1.0,0.6397708459566049,0.19721428609722222,639.7708459566047
light,No_Deadline,26,1.0,0.6089304720275697,0.18045333754760515,608.9304720275694
light,No_Deadline,27,1.0,0.6158700665118204,0.18701792095645578,615.8700665118203
light,No_Deadline,28,1.0,0.622030391707423,0.18760251670636685,622.0303917074228
light,No_Deadline,29,1.0,0.6111579847921986,0.18153746965233739,611.1579847921987
light,No_Deadline,30,1.0,0.6134465908697199,0.1819217466748291,613.4465908697197
light,No_Execution,1,1.0,0.6269131303193033,0.18462689029371956,626.9131303193034
light,No_Execution,2,1.0,0.6365438229481595,0.19154268914032724,636.5438229481596
light,No_Execution,3,1.0,0.6507753508593047,0.21044876826146466,650.7753508593042
light,No_Execution,4,1.0,0.5990855002460964,0.1772302945736756,599.085500246096
light,No_Execution,5,1.0,0.611388175051762,0.18631211810362464,611.3881750517619
light,No_Execution,6,1.0,0.6525117617846615,0.17928644535242755,652.5117617846613
light,No_Execution,7,1.0,0.6236525220180557,0.1915119024708806,623.6525220180563
light,No_Execution,8,1.0,0.6149039668296374,0.1935636844852221,614.903966829638
light,No_Execution,9,1.0,0.6128816691538896,0.18577668686495483,612.8816691538896
light,No_Execution,10,0.999,0.6199163622547289,0.18743826473274036,619.8008499575678
light,No_Execution,11,1.0,0.6252694280778717,0.19999735327220716,625.2694280778717
light,No_Execution,12,1.0,0.6066359309744168,0.1862482345948799,606.635930974417
light,No_Execution,13,1.0,0.6181707842130982,0.18219835772640694,618.170784213098
light,No_Execution,14,0.999,0.6352070081883769,0.19408840651941728,635.2070081883774
light,No_Execution,15,1.0,0.6294564109636933,0.18513917056176446,629.4564109636932
light,No_Execution,16,1.0,0.6365443528054279,0.18816341737271947,636.5443528054278
light,No_Execution,17,1.0,0.626052737609925,0.19216829335507335,626.0527376099251
light,No_Execution,18,1.0,0.6401654525886106,0.19402853263056716,640.1654525886108
light,No_Execution,19,1.0,0.6130261852125081,0.18068529271725806,613.0261852125077
light,No_Execution,20,1.0,0.6129657029494041,0.1776094405404983,612.9657029494041
light,No_Execution,21,1.0,0.6280003113762008,0.1851336772312165,628.0003113762007
light,No_Execution,22,1.0,0.5995883057871251,0.17124362384944855,599.5883057871249
light,No_Execution,23,1.0,0.6195336603005951,0.1838162974762681,619.5336603005951
light,No_Execution,24,1.0,0.6219142811627643,0.18375245272764143,621.914281162764
light,No_Execution,25,1.0,0.6409949749182091,0.197031304593999,640.9949749182088
light,No_Execution,26,1.0,0.6100631324789938,0.18051817849211851,610.0631324789931
light,No_Execution,27,1.0,0.6153742757924431,0.18812836395904925,615.3742757924432
light,No_Execution,28,1.0,0.6220674097936322,0.1877176246573194,622.0674097936321
light,No_Execution,29,1.0,0.6118700881383672,0.1815018073521761,611.8700881383675
light,No_Execution,30,0.999,0.6127678573202506,0.18238287401445255,612.7042598671676
light,No_Capacity,1,1.0,0.45350008284902266,0.18454100721018618,453.50008284902253
light,No_Capacity,2,1.0,0.4599956897391234,0.1916951734283391,459.99568973912324
light,No_Capacity,3,1.0,0.4763669421997158,0.2101676602368632,476.3669421997159
light,No_Capacity,4,1.0,0.42837905723906267,0.1774424724636582,428.36855876777344
light,No_Capacity,5,1.0,0.43530023626609754,0.1863121181036246,435.3002362660974
light,No_Capacity,6,1.0,0.47195618403279616,0.17967111754197623,471.95618403279633
light,No_Capacity,7,1.0,0.44717685076411057,0.19133181696689164,447.1768507641103
light,No_Capacity,8,1.0,0.4428025223234884,0.19311507601013306,442.80252232348846
light,No_Capacity,9,1.0,0.4404570373162383,0.18581281312660836,440.45703731623905
light,No_Capacity,10,0.999,0.446916467983671,0.1877316576122427,446.9164679836715
light,No_Capacity,11,1.0,0.45073540734603773,0.200065444398397,450.7354073460378
light,No_Capacity,12,1.0,0.43264331709677645,0.1862035583351532,432.64331709677646
light,No_Capacity,13,1.0,0.44446978648269736,0.182208259021232,444.4697864826977
light,No_Capacity,14,1.0,0.45999482055796737,0.19401898298620912,459.99482055796807
light,No_Capacity,15,1.0,0.4529644728065786,0.18508383385114627,452.96447280657867
light,No_Capacity,16,1.0,0.45879873960360823,0.18827528396212317,458.7987396036084
light,No_Capacity,17,1.0,0.4516751002984345,0.19212791627010573,451.67510029843424
light,No_Capacity,18,1.0,0.46090425920186695,0.1942469675066842,460.9042592018671
light,No_Capacity,19,1.0,0.43631076634489985,0.18145472957793668,436.31076634489955
light,No_Capacity,20,1.0,0.43560485474031446,0.17776986238152412,435.6048547403145
light,No_Capacity,21,0.999,0.4537910589138082,0.18509626913051525,453.7910589138086
light,No_Capacity,22,1.0,0.4260736882563711,0.17131217250719588,426.07368825637093
light,No_Capacity,23,1.0,0.4424180620006191,0.18386471179905453,442.41806200061944
light,No_Capacity,24,1.0,0.4453562915619863,0.18452016742786492,445.3562915619858
light,No_Capacity,25,1.0,0.4695047301535259,0.19727150011539785,469.41043793997846
light,No_Capacity,26,1.0,0.43413317686958997,0.18051817849211846,434.1331768695899
light,No_Capacity,27,1.0,0.4382246563856594,0.18812836395904925,438.2246563856595
light,No_Capacity,28,1.0,0.4455263638325007,0.18766697509230673,445.5263638325011
light,No_Capacity,29,1.0,0.435501712540307,0.18139999222852307,435.50171254030664
light,No_Capacity,30,1.0,0.43892830884777984,0.18247103362335435,438.92830884778
light,No_Energy,1,1.0,0.46355493900038436,0.18454100721018618,463.5549390003845
light,No_Energy,2,1.0,0.4719437381358226,0.19186973873958144,471.94373813582337
light,No_Energy,3,0.999,0.4882043753635737,0.21066009326722662,488.20437536357423
light,No_Energy,4,0.998,0.441889629983511,0.17759773997602274,441.87743309572795
light,No_Energy,5,1.0,0.44932304422681957,0.18637483699632967,449.3230442268195
light,No_Energy,6,1.0,0.4830183050983133,0.17970025058029096,483.0183050983139
light,No_Energy,7,1.0,0.4595330802972388,0.1913918078251218,459.5330802972382
light,No_Energy,8,1.0,0.4549178886653643,0.193753502627444,454.9178886653643
light,No_Energy,9,1.0,0.4540354074857014,0.1858417242537032,454.0354074857019
light,No_Energy,10,1.0,0.4585848805224129,0.1876645154351882,458.5848805224129
light,No_Energy,11,1.0,0.4603558455481825,0.20006544439839707,460.35584554818246
light,No_Energy,12,1.0,0.4471373549512131,0.18612201393011613,447.13735495121387
light,No_Energy,13,1.0,0.45470452199548367,0.18231361213648328,454.7045219954839
light,No_Energy,14,1.0,0.47039610860069386,0.1940884065194173,470.396108600694
light,No_Energy,15,1.0,0.4651293925321383,0.1850838338511463,465.1293925321384
light,No_Energy,16,1.0,0.47098334794662317,0.1883077736058218,470.98334794662304
light,No_Energy,17,1.0,0.4626079163969775,0.19216829335507332,462.60791639697726
light,No_Energy,18,1.0,0.4728666742830266,0.19424696750668424,472.86667428302667
light,No_Energy,19,1.0,0.4506344587601102,0.18148945874533925,450.6344587601102
light,No_Energy,20,1.0,0.44980808412832207,0.1776700915128262,449.80808412832215
light,No_Energy,21,1.0,0.46472800609236586,0.18518607398168122,464.728006092366
light,No_Energy,22,1.0,0.4394661573974897,0.17133617750460625,439.46615739748955
light,No_Energy,23,1.0,0.4543348547606699,0.18390238501885908,454.33485476067005
light,No_Energy,24,1.0,0.4570634469198359,0.1845201674278648,457.0634469198361
light,No_Energy,25,1.0,0.475248622388775,0.19735521317133298,475.24862238877535
light,No_Energy,26,1.0,0.4488490476996612,0.18051817849211846,448.8490476996616
light,No_Energy,27,1.0,0.45152640491369883,0.18812836395904922,451.5264049136989
light,No_Energy,28,1.0,0.46010440959029486,0.1876669750923067,460.1044095902949
light,No_Energy,29,1.0,0.4503535881658006,0.1814572491757088,450.3535881658004
light,No_Energy,30,1.0,0.4504916139071693,0.182500698703551,450.4916139071688
moderate,AHDETS,1,0.989,0.6768231096775047,0.7320828902117049,625.6198029827232
moderate,AHDETS,2,0.982,0.6886892244181413,0.7454177188940242,637.7015796965528
moderate,AHDETS,3,0.988,0.7752010695866066,0.8252382142989568,657.3971332950658
moderate,AHDETS,4,0.987,0.6468739691534552,0.7003988302581625,598.7135276861633
moderate,AHDETS,5,0.989,0.6486174015866756,0.7349684780177788,611.5793849112832
moderate,AHDETS,6,0.988,0.6807370687060554,0.711477466064265,651.3654759609304
moderate,AHDETS,7,0.989,0.6906187286169856,0.7551383040445626,623.9915555394286
moderate,AHDETS,8,0.986,0.6795422792947636,0.7565151407513865,616.0611758090247
moderate,AHDETS,9,0.985,0.6572670166733297,0.7382268630753153,612.7434688733903
moderate,AHDETS,10,0.982,0.6544144696100104,0.7346845630659852,619.4232203972182
moderate,AHDETS,11,0.983,0.6810706905045301,0.7635164274015906,630.4148580468135
moderate,AHDETS,12,0.994,0.6407843399196577,0.737526484533463,605.7496385492948
moderate,AHDETS,13,0.991,0.6453020332435855,0.7101657242756622,622.09181596503
moderate,AHDETS,14,0.987,0.6814265480329286,0.7534220066385561,637.8996538396352
moderate,AHDETS,15,0.995,0.6610222820945371,0.7321092877224157,629.905744641552
moderate,AHDETS,16,0.99,0.6709580764659522,0.7442557592716575,636.8498611250642
moderate,AHDETS,17,0.989,0.6778550988075639,0.7486329635893302,626.8215071681749
moderate,AHDETS,18,0.992,0.6780193730934738,0.763652401498747,639.2334472968116
moderate,AHDETS,19,0.988,0.646303922852523,0.708583818270589,612.5299590772444
moderate,AHDETS,20,0.983,0.6305912097791767,0.6902168247168645,613.3553220326999
moderate,AHDETS,21,0.993,0.6825971351981847,0.7241413850430043,628.3777394747088
moderate,AHDETS,22,0.99,0.6247648448438982,0.6779262972532109,600.3862787313116
moderate,AHDETS,23,0.987,0.6446486840882273,0.7282130772063092,618.0969627990031
moderate,AHDETS,24,0.988,0.6522725336948837,0.7235871636252973,619.9519091338946
moderate,AHDETS,25,0.988,0.738785265372585,0.7785490866795729,641.7738904398041
moderate,AHDETS,26,0.99,0.6433538670731602,0.7174366134377812,609.0869123088869
moderate,AHDETS,27,0.988,0.6525865607288618,0.7466504168764694,615.5099420088186
moderate,AHDETS,28,0.992,0.6759456237833278,0.7448860795377356,622.8469738011705
moderate,AHDETS,29,0.992,0.6470750711874429,0.7161484929471171,612.4233957457194
moderate,AHDETS,30,0.992,0.6582067467648607,0.7247809604079665,613.6414473160684
moderate,No_Deadline,1,0.987,0.6776868656429208,0.73363984973537,627.4013838031129
moderate,No_Deadline,2,0.984,0.6836897358282256,0.7571367684591561,636.1202450658141
moderate,No_Deadline,3,0.984,0.7588597111429687,0.8173830439477526,653.7977236858018
moderate,No_Deadline,4,0.982,0.641081845963535,0.7034536456177172,598.0751619919087
moderate,No_Deadline,5,0.987,0.6507660795372255,0.7367382660262114,611.4682601770426
moderate,No_Deadline,6,0.99,0.6853698247741523,0.6960782349570633,654.6930572367182
moderate,No_Deadline,7,0.991,0.6936562636074466,0.7525769867106079,624.1578914489996
moderate,No_Deadline,8,0.984,0.6756824433471574,0.7597176135414134,615.8541968227116
moderate,No_Deadline,9,0.981,0.6579612780588149,0.7314672734605371,613.2249965872413
moderate,No_Deadline,10,0.986,0.658513760095404,0.7433068020847193,621.0695559996952
moderate,No_Deadline,11,0.981,0.6802606205374515,0.7828321127575568,625.332165783837
moderate,No_Deadline,12,0.993,0.6378685330898386,0.7380546251563639,605.7890522371491
moderate,No_Deadline,13,0.989,0.6411673985457189,0.7043044946932631,621.6964836504495
moderate,No_Deadline,14,0.985,0.6780890912368038,0.768254474378477,634.1119699853679
moderate,No_Deadline,15,0.984,0.6597285749591951,0.7329337949454355,629.5593432844402
moderate,No_Deadline,16,0.99,0.6725468328798492,0.7468387501424145,636.0610527682636
moderate,No_Deadline,17,0.985,0.6833111609374913,0.7558021146820487,627.3243702235039
moderate,No_Deadline,18,0.984,0.6807803813895191,0.757891608225461,642.6961743795932
moderate,No_Deadline,19,0.983,0.6512063952964537,0.7163429503583346,612.2173311404844
moderate,No_Deadline,20,0.989,0.6296902940432874,0.6935822041553285,614.8286918540688
moderate,No_Deadline,21,0.992,0.6800336470840317,0.7289180389450941,629.7879985607836
moderate,No_Deadline,22,0.99,0.6248544471874456,0.6802955445532014,600.0684942850484
moderate,No_Deadline,23,0.982,0.6468276774975124,0.7078320304356737,622.5219190004717
moderate,No_Deadline,24,0.988,0.6476302615439321,0.7233825625123693,620.3297930502767
moderate,No_Deadline,25,0.985,0.724067614132991,0.7740300561031013,641.0121816657038
moderate,No_Deadline,26,0.993,0.644743924736089,0.7200030077183186,608.6943547481333
moderate,No_Deadline,27,0.988,0.6561037500153295,0.7475346562071307,616.1377973882364
moderate,No_Deadline,28,0.988,0.6810547820016339,0.7492081709375785,623.6354559895386
moderate,No_Deadline,29,0.991,0.6434065136728716,0.7087587690820621,612.9726887553079
moderate,No_Deadline,30,0.989,0.6572740694622409,0.7216196300367088,613.696710619869
moderate,No_Execution,1,0.99,0.6752748620648361,0.7336371217988892,626.6714907454282
moderate,No_Execution,2,0.994,0.6855922700711572,0.7454177188940244,638.8591554733714
moderate,No_Execution,3,0.991,0.7551440224334974,0.8332402583127898,653.7761775168641
moderate,No_Execution,4,0.988,0.6488688134884962,0.7038282902350047,600.2951393715877
moderate,No_Execution,5,0.987,0.648029261718436,0.7354422952159936,612.7907471948538
moderate,No_Execution,6,0.989,0.6856031816463748,0.710620861129873,651.8610281625264
moderate,No_Execution,7,0.991,0.6993891911831831,0.7560846129788226,624.9883665881548
moderate,No_Execution,8,0.996,0.6769910792292231,0.7401587013143409,619.2612112363153
moderate,No_Execution,9,0.983,0.6605362667387826,0.7383074606097403,613.0028586614969
moderate,No_Execution,10,0.989,0.6591816026768916,0.7407210919880302,619.4378005877724
moderate,No_Execution,11,0.989,0.6817642937250328,0.7759209212460288,626.4524548932328
moderate,No_Execution,12,0.99,0.6447005389468001,0.7333967403819611,609.1042616062133
moderate,No_Execution,13,0.988,0.6479754814756059,0.7104134004979421,623.3768516586784
moderate,No_Execution,14,0.984,0.6854888662559442,0.7652604264389924,638.7637544909462
moderate,No_Execution,15,0.989,0.6553822641988635,0.7312276171031772,631.1026003059702
moderate,No_Execution,16,0.986,0.6719161133694604,0.7459753132095523,635.8191461588791
moderate,No_Execution,17,0.991,0.6826377574158683,0.7508635012513007,628.1017602200194
moderate,No_Execution,18,0.983,0.6846765312563978,0.7574177856770203,641.082200555631
moderate,No_Execution,19,0.987,0.6537167204814506,0.702840039939402,613.8252353751665
moderate,No_Execution,20,0.986,0.6351715435947024,0.6977579550194866,613.5416757617019
moderate,No_Execution,21,0.987,0.6788421558710668,0.7251250486232761,629.752760644185
moderate,No_Execution,22,0.987,0.6273128162511458,0.6796252041252151,601.4908768977633
moderate,No_Execution,23,0.987,0.6458266400914102,0.7180530551269402,620.662492839399
moderate,No_Execution,24,0.984,0.6529702583975793,0.7274615937869167,620.678952637515
moderate,No_Execution,25,0.991,0.7237436014652837,0.7809518737324044,640.819574518532
moderate,No_Execution,26,0.985,0.6483013994498853,0.7093288236309803,611.575663307458
moderate,No_Execution,27,0.987,0.6509325476393377,0.7456895813757347,615.6075169607058
moderate,No_Execution,28,0.995,0.6740143747899411,0.7484350343390203,624.0371203560636
moderate,No_Execution,29,0.99,0.6461080546476443,0.7178917080982985,611.924829354128
moderate,No_Execution,30,0.99,0.6543059587717622,0.7205015936155189,614.1333119202417
moderate,No_Capacity,1,0.982,0.6406924909596364,0.7344061595513587,591.3819508776263
moderate,No_Capacity,2,0.985,0.6393597204779583,0.7617840115631275,600.4970445122204
moderate,No_Capacity,3,0.986,0.7532036782198068,0.8257004451638718,641.3323938305782
moderate,No_Capacity,4,0.984,0.5991524162793014,0.7023952754647859,559.8797249914778
moderate,No_Capacity,5,0.985,0.6141038215450948,0.7349684780177788,582.8090327601493
moderate,No_Capacity,6,0.985,0.6373342676020642,0.7057831898626724,611.094815424973
moderate,No_Capacity,7,0.987,0.6559193285704805,0.7506815834628447,596.317104859356
moderate,No_Capacity,8,0.984,0.6513272019942715,0.7564612003194181,592.1600566074966
moderate,No_Capacity,9,0.983,0.624586588231319,0.7396517220248722,586.6189304981385
moderate,No_Capacity,10,0.985,0.6182817324522221,0.7400498498775062,588.2941252154333
moderate,No_Capacity,11,0.98,0.6549824312851693,0.7828321127575567,606.8162847393503
moderate,No_Capacity,12,0.989,0.6034867108424311,0.7390325113651132,577.5775206758332
moderate,No_Capacity,13,0.987,0.6053272905159675,0.7169636185120791,584.9831939501945
moderate,No_Capacity,14,0.984,0.6613690282183777,0.7605768903521493,618.0792943299116
moderate,No_Capacity,15,0.985,0.6197545791104293,0.7198541835425873,596.7199912507178
moderate,No_Capacity,16,0.986,0.6317948544116498,0.7472084388593443,600.6402166328564
moderate,No_Capacity,17,0.985,0.6505108573895524,0.7486329635893302,598.1283297351056
moderate,No_Capacity,18,0.982,0.6524702345531914,0.758855577317972,616.3074917639409
moderate,No_Capacity,19,0.987,0.6092507912179993,0.7157611130024586,574.7503924413278
moderate,No_Capacity,20,0.982,0.5881878114643329,0.6886673594590795,574.5462868878528
moderate,No_Capacity,21,0.989,0.6337867125655227,0.7222601497849152,591.4486730656381
moderate,No_Capacity,22,0.986,0.5798845136524923,0.681680457751195,560.639369162144
moderate,No_Capacity,23,0.984,0.6016594189650757,0.7164504390883107,582.9324808557295
moderate,No_Capacity,24,0.984,0.617289557958381,0.7239667857100072,592.6630500350276
moderate,No_Capacity,25,0.985,0.7109723370911648,0.763772986242374,622.8859591041419
moderate,No_Capacity,26,0.986,0.605883943661203,0.7182017233793307,575.0210560787613
moderate,No_Capacity,27,0.986,0.6103598941598593,0.7467112543823294,580.3342977248691
moderate,No_Capacity,28,0.984,0.6319952143717371,0.7495353674693347,588.514741945737
moderate,No_Capacity,29,0.987,0.6035696841328712,0.7168264244767137,574.7630608624264
moderate,No_Capacity,30,0.988,0.6208481150387679,0.7254771486800873,586.5711822632346
moderate,No_Energy,1,0.984,0.6408297163480845,0.7344061595513588,595.4734658357479
moderate,No_Energy,2,0.984,0.6656987722037927,0.7579448109593304,621.2430921710127
moderate,No_Energy,3,0.985,0.7529973317766455,0.8329212861813038,644.5826900940807
moderate,No_Energy,4,0.981,0.5967664583284621,0.7034536456177173,556.4648139883127
moderate,No_Energy,5,0.987,0.6274646515643802,0.7327412536776186,592.1870553684118
moderate,No_Energy,6,0.987,0.6419033015442712,0.7070760898913938,616.7350793835358
moderate,No_Energy,7,0.987,0.6623023960936405,0.7615937135167118,603.1059281842431
moderate,No_Energy,8,0.99,0.6665645306654139,0.7610289585264243,606.1953711833582
moderate,No_Energy,9,0.98,0.6383997739909393,0.7365611802571348,600.3317697996453
moderate,No_Energy,10,0.983,0.6362769771761906,0.7346845630659853,603.6593152084056
moderate,No_Energy,11,0.985,0.6664099400778939,0.7828321127575567,613.8378809716567
moderate,No_Energy,12,0.99,0.6045250141272285,0.7398447507908039,580.7823362886357
moderate,No_Energy,13,0.985,0.6105939864974396,0.7000283530469732,592.6407402905603
moderate,No_Energy,14,0.981,0.6672797681923135,0.7605768903521494,624.6780754336487
moderate,No_Energy,15,0.985,0.6335278146774612,0.7299480826489697,608.2083868438638
moderate,No_Energy,16,0.99,0.6441852544439082,0.7459753132095522,611.5376503358269
moderate,No_Energy,17,0.985,0.6463058510915534,0.7486329635893303,595.745656497698
moderate,No_Energy,18,0.98,0.6615301458067187,0.7578916082254608,626.0276141212771
moderate,No_Energy,19,0.977,0.6319176049791078,0.7209901061083859,592.262520588917
moderate,No_Energy,20,0.984,0.5875675250088959,0.6888262484144508,574.0333648534425
moderate,No_Energy,21,0.985,0.6364501914917478,0.7240966935555881,592.0833879196097
moderate,No_Energy,22,0.983,0.5786762996237058,0.6807981146270599,559.1015452660089
moderate,No_Energy,23,0.984,0.606383707055095,0.7157026189978938,589.3486917418695
moderate,No_Energy,24,0.985,0.6299802976393325,0.725031697235613,604.2921408450634
moderate,No_Energy,25,0.99,0.7250643646697608,0.7758764546408697,636.3777819244326
moderate,No_Energy,26,0.988,0.6019229430916512,0.7182017233793309,569.6451145996189
moderate,No_Energy,27,0.989,0.6308242995848453,0.7467112543823292,596.2000161368697
moderate,No_Energy,28,0.99,0.6280111847351931,0.7493200342552666,588.3327085823049
moderate,No_Energy,29,0.988,0.6058490846193665,0.7168264244767137,573.6972776755305
moderate,No_Energy,30,0.987,0.641257826092433,0.7244612058290205,599.3653533746797
heavy,AHDETS,1,0.942,3.1744891954788756,0.9721610585209118,626.3710407593258
heavy,AHDETS,2,0.927,3.017161470313174,0.964824331525448,636.2825990734885
heavy,AHDETS,3,0.888,4.601157354319214,0.9660378581300519,650.0723242656896
heavy,AHDETS,4,0.955,2.1912405759646876,0.955644102826641,601.9348365185832
heavy,AHDETS,5,0.945,3.484993820020262,0.9429617447593777,614.0587289351729
heavy,AHDETS,6,0.965,2.611379158857179,0.973269184751447,652.0520052526339
heavy,AHDETS,7,0.936,2.935720292517654,0.9797696192432856,622.876430078401
heavy,AHDETS,8,0.934,3.1726328051824866,0.9876506469163372,613.7616259912879
heavy,AHDETS,9,0.948,2.6707918137772744,0.9601355415054622,614.0198644957311
heavy,AHDETS,10,0.942,3.009197612332304,0.956211504919869,621.2469971168699
heavy,AHDETS,11,0.912,3.9721065215131066,0.9754973400395741,625.6054333099843
heavy,AHDETS,12,0.939,2.5653451194216976,0.9722544280505219,607.1638465866014
heavy,AHDETS,13,0.962,2.3143500035982107,0.9643587303749479,620.2989066713533
heavy,AHDETS,14,0.923,3.7447301817643797,0.971164726788513,635.6057882698444
heavy,AHDETS,15,0.95,2.38505280393357,0.955548203151353,632.1774664256583
heavy,AHDETS,16,0.942,3.348064261154233,0.9712125346562501,636.8968493728586
heavy,AHDETS,17,0.933,3.460167417999535,0.9822146780180553,626.1976937319341
heavy,AHDETS,18,0.922,3.6731254672386657,0.9543023071162743,642.2616753331596
heavy,AHDETS,19,0.959,2.2885934240776127,0.9679932505346224,611.5372298548597
heavy,AHDETS,20,0.968,2.2132734235292575,0.9674499103421872,614.2186470280362
heavy,AHDETS,21,0.934,2.7291661554940974,0.9362068029354832,630.2519772349541
heavy,AHDETS,22,0.977,1.9777611817438827,0.9736000178812819,601.0520456350343
heavy,AHDETS,23,0.952,2.511497467529342,0.947872247196237,620.9530992134659
heavy,AHDETS,24,0.952,2.7899113274522076,0.9818048178006784,620.0159758235178
heavy,AHDETS,25,0.919,3.9743255200372007,0.9774883860753042,640.5712026597098
heavy,AHDETS,26,0.964,1.968529875825325,0.9824270559920526,608.4510884643437
heavy,AHDETS,27,0.937,2.8920470686738464,0.9605455007533387,615.588333717634
heavy,AHDETS,28,0.933,3.3206829489816294,0.961467356760942,623.4353998576241
heavy,AHDETS,29,0.964,2.5578328695302788,0.9728885726022819,611.6507720042002
heavy,AHDETS,30,0.957,2.7818515724003454,0.9857579892212043,611.5351514951765
heavy,No_Deadline,1,0.928,2.7272420172254677,0.9598771759414809,627.962497930288
heavy,No_Deadline,2,0.913,2.8491590265780418,0.9496248084379957,638.1530023920969
heavy,No_Deadline,3,0.876,4.323120528121566,0.9528611257019393,652.4972555976473
heavy,No_Deadline,4,0.931,2.0490045090141273,0.9740112602232764,599.8137409819109
heavy,No_Deadline,5,0.929,3.1374038717176616,0.9451142735535507,614.7386080128093
heavy,No_Deadline,6,0.942,2.242353670600382,0.9576370457751572,652.5841381281624
heavy,No_Deadline,7,0.915,2.7007368246877133,0.9665416344540542,623.1026295638036
heavy,No_Deadline,8,0.913,3.062478220537288,0.9638114769626724,616.0380611122196
heavy,No_Deadline,9,0.915,2.5888568999567325,0.9491981296397873,614.6295470382742
heavy,No_Deadline,10,0.927,2.6312242358143894,0.9676514635103498,620.1734458566111
heavy,No_Deadline,11,0.909,3.6549086881115236,0.9741940990578857,625.9906134091209
heavy,No_Deadline,12,0.931,2.270833573532967,0.965755618182425,608.0274919445866
heavy,No_Deadline,13,0.936,2.0567850369448144,0.9503714413126441,619.608893342795
heavy,No_Deadline,14,0.915,3.4577667749260246,0.9675012981037663,637.213580776782
heavy,No_Deadline,15,0.938,2.135974878709972,0.9662497618179555,629.5472789321228
heavy,No_Deadline,16,0.925,3.0493363923719734,0.9818107762175798,637.6663593479908
heavy,No_Deadline,17,0.915,3.184301193816415,0.9531129873667658,629.3512205252907
heavy,No_Deadline,18,0.914,3.2907345443394074,0.9483815273048737,641.3657492649788
heavy,No_Deadline,19,0.947,1.9913223711623977,0.9737760904535874,610.6214331622
heavy,No_Deadline,20,0.946,1.7269391656937096,0.9489948714603628,614.986332665682
heavy,No_Deadline,21,0.918,2.4881223340774707,0.9327436330582652,632.4506443131071
heavy,No_Deadline,22,0.954,1.7218761924889139,0.976566963558537,601.1330457329705
heavy,No_Deadline,23,0.944,2.0021008565145024,0.9618421466254468,619.5084392345525
heavy,No_Deadline,24,0.943,2.294864993774077,0.9747029957342564,621.1922368809388
heavy,No_Deadline,25,0.904,3.9207351406412303,0.9637108263463554,641.5903784498397
heavy,No_Deadline,26,0.942,1.90008210658952,0.9538597950849207,610.3219276885014
heavy,No_Deadline,27,0.925,2.6325036880128874,0.9741609734520643,616.1250980854271
heavy,No_Deadline,28,0.917,3.096450904503877,0.967122078047032,623.0173526663668
heavy,No_Deadline,29,0.935,2.2993869860260103,0.9802492446319868,611.4873534334955
heavy,No_Deadline,30,0.941,2.564354451946387,0.9832103583741355,612.2068862513769
heavy,No_Execution,1,0.939,3.330678758647767,0.9615506267307016,626.611029256295
heavy,No_Execution,2,0.922,3.2253296517045325,0.9799960406638876,635.5138615273389
heavy,No_Execution,3,0.883,4.82910479467421,0.9592104589202666,652.9508533816004
heavy,No_Execution,4,0.966,2.1461563413407347,0.953106662027778,601.5803259483678
heavy,No_Execution,5,0.952,3.340766161505007,0.9668186164874745,612.4388795567511
heavy,No_Execution,6,0.965,2.685653007370776,0.9691473383694296,651.6856175533198
heavy,No_Execution,7,0.927,3.25242113856614,0.9835090701453332,622.0722717395688
heavy,No_Execution,8,0.924,3.53628137737648,0.975701395146003,616.0087959276824
heavy,No_Execution,9,0.946,3.0294844800778016,0.9580314478860481,613.5078444915964
heavy,No_Execution,10,0.942,3.10908723806348,0.9745258482182877,619.4989340227692
heavy,No_Execution,11,0.914,3.947176840272476,0.9728006799130933,626.0091434801845
heavy,No_Execution,12,0.936,2.8188714578547107,0.9492350728994763,608.0692185490116
heavy,No_Execution,13,0.964,2.3761739009209775,0.9618286244728985,620.6145973854285
heavy,No_Execution,14,0.923,3.843901061004983,0.9592208681724893,636.3723353276604
heavy,No_Execution,15,0.948,2.50174958296077,0.958670450275878,631.9104846622457
heavy,No_Execution,16,0.943,3.446271788486625,0.9693087826451676,636.4733098977289
heavy,No_Execution,17,0.935,3.4683062009409857,0.9501964132476091,629.1791587533337
heavy,No_Execution,18,0.927,3.708695602754056,0.9584287621544385,641.371763286052
heavy,No_Execution,19,0.96,2.249448779767455,0.9436807175935157,612.4457558990193
heavy,No_Execution,20,0.972,2.2017560311543702,0.9600465607015801,613.6843268434166
heavy,No_Execution,21,0.931,2.8940301277019276,0.9237520895323387,631.2637585366732
heavy,No_Execution,22,0.977,2.039260395991968,0.9663195397367886,602.0128650592155
heavy,No_Execution,23,0.952,2.464953095233725,0.9595423613425293,619.1881979104955
heavy,No_Execution,24,0.949,2.849919546774122,0.9674680280470921,621.6081247000416
heavy,No_Execution,25,0.917,4.044214517468569,0.961295758953712,642.1249259381209
heavy,No_Execution,26,0.964,2.0906008827534905,0.9480063076511829,610.9552217757375
heavy,No_Execution,27,0.937,2.974977171282517,0.9739309580693154,614.8559178195663
heavy,No_Execution,28,0.933,3.471429198809994,0.9680849893365224,623.722411523799
heavy,No_Execution,29,0.965,2.728153857316277,0.9414167164894105,613.5558472659702
heavy,No_Execution,30,0.958,2.84657169933403,0.9516121108548857,614.6706861321566
heavy,No_Capacity,1,0.94,3.086745004323437,0.9753414571578284,624.8529373278352
heavy,No_Capacity,2,0.925,3.0978080333177256,0.9825982023053057,636.1813067101782
heavy,No_Capacity,3,0.886,4.597252724586639,0.9814004443243963,650.4249076161968
heavy,No_Capacity,4,0.958,2.1267509487358316,0.9631268038719221,599.5601248370159
heavy,No_Capacity,5,0.946,3.371156511177932,0.9471829783265846,612.3222852559514
heavy,No_Capacity,6,0.965,2.627684462268839,0.9739872291507354,651.1206223021852
heavy,No_Capacity,7,0.93,2.9893854852715616,0.9697517312086882,623.4278347698615
heavy,No_Capacity,8,0.934,3.185912433105996,0.9846640266885394,613.3249180536397
heavy,No_Capacity,9,0.948,2.6707918137772744,0.9601355415054622,614.0198644957311
heavy,No_Capacity,10,0.944,2.882114859585133,0.9806269017330557,618.7573383839566
heavy,No_Capacity,11,0.915,3.8325695177371273,0.9835461780433423,624.63750446997
heavy,No_Capacity,12,0.937,2.566386141310351,0.9593800575772683,607.5845789118277
heavy,No_Capacity,13,0.962,2.3490463580802303,0.9637348742502436,618.2545001883547
heavy,No_Capacity,14,0.922,3.840840558744134,0.9441420631347515,637.8009749548751
heavy,No_Capacity,15,0.955,2.2605037252315627,0.9518919110063067,631.5839215316486
heavy,No_Capacity,16,0.942,3.348064261154233,0.9712125346562501,636.8968493728586
heavy,No_Capacity,17,0.934,3.365757315667317,0.9627045689708225,624.9723165229692
heavy,No_Capacity,18,0.918,3.7741295074090044,0.9694116576728901,638.712549461474
heavy,No_Capacity,19,0.961,2.151653056626912,0.9509488620768397,612.8684394022102
heavy,No_Capacity,20,0.97,1.9887097988258853,0.9786755818533017,611.4126799941556
heavy,No_Capacity,21,0.935,2.6701994395126203,0.9368515397440647,627.1348875668749
heavy,No_Capacity,22,0.973,2.0686824022835677,0.9685506820956499,601.6514884669481
heavy,No_Capacity,23,0.954,2.3579878424207203,0.9469816666514989,621.2527649160767
heavy,No_Capacity,24,0.955,2.7732422437917394,0.9637216672198402,621.3602666587958
heavy,No_Capacity,25,0.919,3.971302282553105,0.9730326963582095,640.1522101247805
heavy,No_Capacity,26,0.961,1.9726226365325938,0.9666811877670721,610.8538066530042
heavy,No_Capacity,27,0.942,2.7941119228870344,0.9572171474438941,616.0923499081548
heavy,No_Capacity,28,0.938,3.1622213026302717,0.9608044524164788,623.5261145442595
heavy,No_Capacity,29,0.97,2.4390445027638026,0.9697031956206444,611.7973602459173
heavy,No_Capacity,30,0.958,2.6681880495439274,0.9469456778669393,614.9956202949074
heavy,No_Energy,1,0.944,2.9813322033319305,0.9657069818002804,627.2098713435091
heavy,No_Energy,2,0.924,3.1536310434655133,0.9759733234793291,636.5587409568685
heavy,No_Energy,3,0.887,4.591618139015639,0.9669059936288882,652.5923888824452
heavy,No_Energy,4,0.956,2.150061240454886,0.9708554133940839,599.5148855000273
heavy,No_Energy,5,0.944,3.3733413934442686,0.9502522603777935,612.079239123239
heavy,No_Energy,6,0.964,2.676155640305676,0.9786901488656655,651.4170067221318
heavy,No_Energy,7,0.936,3.0277748260077635,0.9729449890511467,623.7203371827012
heavy,No_Energy,8,0.927,3.347810224412075,0.9745025618105366,614.8311512545357
heavy,No_Energy,9,0.948,2.6707918137772744,0.9601355415054622,614.0198644957311
heavy,No_Energy,10,0.944,2.9622669743989265,0.9668362584815652,620.3901102762305
heavy,No_Energy,11,0.914,3.8381539479615334,0.9841298731123594,624.659549169879
heavy,No_Energy,12,0.934,2.598483817807773,0.9711978356683231,607.3951688606268
heavy,No_Energy,13,0.962,2.2842418084776823,0.9785115819968617,617.9190270900972
heavy,No_Energy,14,0.921,3.8328969938236104,0.9418606844055752,637.9269406394799
heavy,No_Energy,15,0.948,2.39071626611769,0.9550791253644237,631.858895925907
heavy,No_Energy,16,0.942,3.348064261154233,0.9712125346562501,636.8968493728586
heavy,No_Energy,17,0.933,3.388228447457256,0.9704675528521145,625.1774985412882
heavy,No_Energy,18,0.928,3.552147055947102,0.9689646936653612,640.5753911187899
heavy,No_Energy,19,0.966,2.126677958326068,0.9756346388795416,610.7262433079808
heavy,No_Energy,20,0.971,1.9924990236915527,0.9495824997450729,614.7783488980511
heavy,No_Energy,21,0.939,2.6947417676115797,0.9184283187952293,630.6404710717985
heavy,No_Energy,22,0.979,1.8447734176315307,0.9419397761298881,602.9041481213933
heavy,No_Energy,23,0.954,2.3213609339101504,0.9497704942193472,619.6579510961864
heavy,No_Energy,24,0.951,2.810409187454806,0.9654143357510976,621.9838187436541
heavy,No_Energy,25,0.921,3.909647342996955,0.98304638782966,639.3405811373668
heavy,No_Energy,26,0.964,1.968529875825325,0.9824270559920526,608.4510884643437
heavy,No_Energy,27,0.931,2.9180932268789266,0.9607928709270162,615.77785529438
heavy,No_Energy,28,0.931,3.3367546497917995,0.9622249773907126,623.8418663653789
heavy,No_Energy,29,0.964,2.535956069476743,0.9725525603500343,611.286548855315
heavy,No_Energy,30,0.955,2.7908233769892834,0.9648423958788882,612.5560638146263
