workload,algorithm,run,deadline_success_rate,average_response_time,system_utilization,total_energy_consumed
light,FCFS,1,1.0,0.3985221180813671,0.18468419010643145,313.1711783542732
light,FCFS,2,1.0,0.40278059352021306,0.19192435561887355,314.99224017389975
light,FCFS,3,1.0,0.4172098569119638,0.21060526456072243,327.69164180421166
light,FCFS,4,0.999,0.3829252876920784,0.17763616835089557,307.6270925564244
light,FCFS,5,1.0,0.38356384124529963,0.1863982468525985,298.514940039309
light,FCFS,6,1.0,0.41019409650502403,0.17974825014708284,308.0983357875258
light,FCFS,7,1.0,0.39642093776277787,0.1915119024708805,318.2535878745723
light,FCFS,8,1.0,0.39260923399969844,0.19380273924538893,317.36283450798356
light,FCFS,9,1.0,0.3892646446688367,0.18588510781714043,314.2760029338196
light,FCFS,10,1.0,0.397670383558568,0.1877551687260155,317.3991284024607
light,FCFS,11,1.0,0.4000855474974393,0.2002017658394379,323.97127606025805
light,FCFS,12,1.0,0.387154917017583,0.18627553385965898,316.0705363936005
light,FCFS,13,1.0,0.39014878589688884,0.18226677349274328,305.02895902361314
light,FCFS,14,1.0,0.4072454020299086,0.1942505881328497,321.58227706669993
light,FCFS,15,1.0,0.39704533703040146,0.18519907126679133,303.8407302397014
light,FCFS,16,1.0,0.4022637991310437,0.18833377339534382,307.3319210464905
light,FCFS,17,1.0,0.40112716665888337,0.1922288908133315,319.5884325180585
light,FCFS,18,1.0,0.404929223973953,0.19424696750668427,309.3268890073543
light,FCFS,19,1.0,0.38908520172442923,0.1815415774295511,311.9329010360042
light,FCFS,20,1.0,0.38548186797474493,0.1779475097651236,302.2775086022127
light,FCFS,21,1.0,0.3979183768569421,0.18522102162886686,306.2621586460287
light,FCFS,22,1.0,0.3741783602618485,0.171372197617186,280.94790189989783
light,FCFS,23,1.0,0.38795996499752694,0.18393253471204007,300.60081892389053
light,FCFS,24,1.0,0.39371873477744634,0.18476139556745122,312.07866681276715
light,FCFS,25,1.0,0.4120638668711956,0.19741570806025283,332.3726499436731
light,FCFS,26,1.0,0.3879493764638883,0.18063500969424465,311.14402021435365
light,FCFS,27,1.0,0.38989512774696905,0.18823283777564923,308.50824172473915
light,FCFS,28,1.0,0.39205623119214517,0.18774802752150344,305.41107420301154
light,FCFS,29,1.0,0.3871099381177287,0.18153746965233739,302.79502087479534
light,FCFS,30,1.0,0.3899032671974043,0.18252377821307753,314.18883459410824
light,SJF,1,1.0,0.3985221180813671,0.18468419010643145,313.1711783542732
light,SJF,2,1.0,0.40278059352021306,0.19192435561887355,314.99224017389975
light,SJF,3,1.0,0.4172098569119638,0.21060526456072243,327.69164180421166
light,SJF,4,0.999,0.3829252876920784,0.17763616835089557,307.6270925564244
light,SJF,5,1.0,0.38356384124529963,0.1863982468525985,298.514940039309
light,SJF,6,1.0,0.41019409650502403,0.17974825014708284,308.0983357875258
light,SJF,7,1.0,0.39642093776277787,0.1915119024708805,318.2535878745723
light,SJF,8,1.0,0.39260923399969844,0.19380273924538893,317.36283450798356
light,SJF,9,1.0,0.3892646446688367,0.18588510781714043,314.2760029338196
light,SJF,10,1.0,0.397670383558568,0.1877551687260155,317.3991284024607
light,SJF,11,1.0,0.4000855474974393,0.2002017658394379,323.97127606025805
light,SJF,12,1.0,0.387154917017583,0.18627553385965898,316.0705363936005
light,SJF,13,1.0,0.39014878589688884,0.18226677349274328,305.02895902361314
light,SJF,14,1.0,0.4072454020299086,0.1942505881328497,321.58227706669993
light,SJF,15,1.0,0.39704533703040146,0.18519907126679133,303.8407302397014
light,SJF,16,1.0,0.4022637991310437,0.18833377339534382,307.3319210464905
light,SJF,17,1.0,0.40112716665888337,0.1922288908133315,319.5884325180585
light,SJF,18,1.0,0.404929223973953,0.19424696750668427,309.3268890073543
light,SJF,19,1.0,0.38908520172442923,0.1815415774295511,311.9329010360042
light,SJF,20,1.0,0.38548186797474493,0.1779475097651236,302.2775086022127
light,SJF,21,1.0,0.3979183768569421,0.18522102162886686,306.2621586460287
light,SJF,22,1.0,0.3741783602618485,0.171372197617186,280.94790189989783
light,SJF,23,1.0,0.38795996499752694,0.18393253471204007,300.60081892389053
light,SJF,24,1.0,0.39371873477744634,0.18476139556745122,312.07866681276715
light,SJF,25,1.0,0.4120638668711956,0.19741570806025283,332.3726499436731
light,SJF,26,1.0,0.3879493764638883,0.18063500969424465,311.14402021435365
light,SJF,27,1.0,0.38989512774696905,0.18823283777564923,308.50824172473915
light,SJF,28,1.0,0.39205623119214517,0.18774802752150344,305.41107420301154
light,SJF,29,1.0,0.3871099381177287,0.18153746965233739,302.79502087479534
light,SJF,30,1.0,0.3899032671974043,0.18252377821307753,314.18883459410824
light,EDF,1,1.0,0.3985221180813671,0.18468419010643145,313.1711783542732
light,EDF,2,1.0,0.40278059352021306,0.19192435561887355,314.99224017389975
light,EDF,3,1.0,0.4172098569119638,0.21060526456072243,327.69164180421166
light,EDF,4,0.999,0.3829252876920784,0.17763616835089557,307.6270925564244
light,EDF,5,1.0,0.38356384124529963,0.1863982468525985,298.514940039309
light,EDF,6,1.0,0.41019409650502403,0.17974825014708284,308.0983357875258
light,EDF,7,1.0,0.39642093776277787,0.1915119024708805,318.2535878745723
light,EDF,8,1.0,0.39260923399969844,0.19380273924538893,317.36283450798356
light,EDF,9,1.0,0.3892646446688367,0.18588510781714043,314.2760029338196
light,EDF,10,1.0,0.397670383558568,0.1877551687260155,317.3991284024607
light,EDF,11,1.0,0.4000855474974393,0.2002017658394379,323.97127606025805
light,EDF,12,1.0,0.387154917017583,0.18627553385965898,316.0705363936005
light,EDF,13,1.0,0.39014878589688884,0.18226677349274328,305.02895902361314
light,EDF,14,1.0,0.4072454020299086,0.1942505881328497,321.58227706669993
light,EDF,15,1.0,0.39704533703040146,0.18519907126679133,303.8407302397014
light,EDF,16,1.0,0.4022637991310437,0.18833377339534382,307.3319210464905
light,EDF,17,1.0,0.40112716665888337,0.1922288908133315,319.5884325180585
light,EDF,18,1.0,0.404929223973953,0.19424696750668427,309.3268890073543
light,EDF,19,1.0,0.38908520172442923,0.1815415774295511,311.9329010360042
light,EDF,20,1.0,0.38548186797474493,0.1779475097651236,302.2775086022127
light,EDF,21,1.0,0.3979183768569421,0.18522102162886686,306.2621586460287
light,EDF,22,1.0,0.3741783602618485,0.171372197617186,280.94790189989783
light,EDF,23,1.0,0.38795996499752694,0.18393253471204007,300.60081892389053
light,EDF,24,1.0,0.39371873477744634,0.18476139556745122,312.07866681276715
light,EDF,25,1.0,0.4120638668711956,0.19741570806025283,332.3726499436731
light,EDF,26,1.0,0.3879493764638883,0.18063500969424465,311.14402021435365
light,EDF,27,1.0,0.38989512774696905,0.18823283777564923,308.50824172473915
light,EDF,28,1.0,0.39205623119214517,0.18774802752150344,305.41107420301154
light,EDF,29,1.0,0.3871099381177287,0.18153746965233739,302.79502087479534
light,EDF,30,1.0,0.3899032671974043,0.18252377821307753,314.18883459410824
light,AHDETS,1,1.0,0.625836494711819,0.18411278752113988,625.8364947118193
light,AHDETS,2,1.0,0.6346765923383432,0.19186973873958146,634.6765923383434
light,AHDETS,3,1.0,0.650213734924508,0.21053676879981556,650.2137349245075
light,AHDETS,4,1.0,0.5986262583546837,0.17685913497832104,598.6262583546836
light,AHDETS,5,1.0,0.6116320071954384,0.18604771533675418,611.6320071954382
light,AHDETS,6,1.0,0.649966851373822,0.1794401164007586,649.9668513738228
light,AHDETS,7,1.0,0.6216780024196042,0.19115206982643154,621.6780024196044
light,AHDETS,8,1.0,0.6151267539298405,0.19311507601013314,615.1267539298408
light,AHDETS,9,1.0,0.612299969873268,0.1857766868649548,612.2999698732684
light,AHDETS,10,1.0,0.6177057338827797,0.18761419031150875,617.7057338827798
light,AHDETS,11,1.0,0.6240378738702742,0.1997933577030746,624.0378738702743
light,AHDETS,12,1.0,0.6049902428919737,0.18597360997262322,604.9902428919742
light,AHDETS,13,1.0,0.6180106013707192,0.18203294081388252,618.0106013707193
light,AHDETS,14,1.0,0.6354188139063949,0.1940884065194173,635.4188139063945
light,AHDETS,15,1.0,0.6279892868613479,0.18516918112295366,627.9892868613478
light,AHDETS,16,1.0,0.6349542974110495,0.18785012627331077,634.9542974110499
light,AHDETS,17,1.0,0.6257870400563916,0.19192628509085813,625.787040056392
light,AHDETS,18,1.0,0.6403873048682656,0.19329419999305836,640.3873048682659
light,AHDETS,19,1.0,0.6094906786300014,0.18135346324651788,609.4906786300014
light,AHDETS,20,1.0,0.6121956805699552,0.17745126941945594,612.1956805699544
light,AHDETS,21,1.0,0.6278446954547849,0.1846981880022863,627.8446954547846
light,AHDETS,22,1.0,0.5995264047132375,0.1713121725071959,599.5264047132373
light,AHDETS,23,1.0,0.6166006996930903,0.18393253471204,616.6006996930901
light,AHDETS,24,1.0,0.6209697786905092,0.1830859237654782,620.9697786905093
light,AHDETS,25,1.0,0.6397708459566049,0.19721428609722222,639.7708459566047
light,AHDETS,26,1.0,0.6089304720275697,0.18045333754760515,608.9304720275694
light,AHDETS,27,1.0,0.6158700665118204,0.18701792095645578,615.8700665118203
light,AHDETS,28,1.0,0.622030391707423,0.18760251670636685,622.0303917074228
light,AHDETS,29,1.0,0.6111579847921986,0.18153746965233739,611.1579847921987
light,AHDETS,30,1.0,0.6134465908697199,0.1819217466748291,613.4465908697197
moderate,FCFS,1,0.964,0.6417532634197958,0.7344061595513587,589.2075778119606
moderate,FCFS,2,0.967,0.6556161769237557,0.7617840115631275,607.2869476157905
moderate,FCFS,3,0.939,0.7546141180777394,0.8175524692755335,634.1308020590637
moderate,FCFS,4,0.971,0.5992597505050063,0.7034536456177172,548.909421422781
moderate,FCFS,5,0.966,0.6269815563795893,0.7349684780177786,582.3618110697267
moderate,FCFS,6,0.982,0.6371652855809582,0.70693127456767,607.7654825530233
moderate,FCFS,7,0.952,0.6771838287403786,0.7527561170099716,594.6945523793062
moderate,FCFS,8,0.961,0.6567815880672094,0.7564612003194181,585.8350539550951
moderate,FCFS,9,0.96,0.6310170642936623,0.7365611802571348,585.4252329202295
moderate,FCFS,10,0.967,0.6251005542386049,0.7400498498775062,585.3606922930729
moderate,FCFS,11,0.963,0.6515496803008071,0.7828321127575568,600.5003011955048
moderate,FCFS,12,0.983,0.5995995361381391,0.739032511365113,572.151323630868
moderate,FCFS,13,0.974,0.6001511211389233,0.7144727744051864,579.0776317192106
moderate,FCFS,14,0.974,0.6509279333484351,0.7605768903521495,607.7832352801978
moderate,FCFS,15,0.978,0.6217357156495285,0.7299480826489697,594.72751660204
moderate,FCFS,16,0.971,0.6292157221823175,0.7472084388593442,596.6755948700611
moderate,FCFS,17,0.955,0.6602482792022762,0.7486329635893303,598.094392801737
moderate,FCFS,18,0.967,0.6555351010771044,0.758855577317972,616.571153669121
moderate,FCFS,19,0.973,0.6164235361417862,0.7178265112197052,579.6391688230636
moderate,FCFS,20,0.974,0.58274340596796,0.6888262484144507,569.5924740258881
moderate,FCFS,21,0.976,0.6449888146501649,0.7313391738328908,589.8487424687216
moderate,FCFS,22,0.979,0.5797310543254405,0.681680457751195,556.8671972368452
moderate,FCFS,23,0.975,0.5997471362482036,0.7157026189978938,580.8245356948752
moderate,FCFS,24,0.971,0.6202218664765013,0.724660265367103,587.0070840305067
moderate,FCFS,25,0.949,0.7297586714775746,0.7730104671787735,623.8151612360343
moderate,FCFS,26,0.974,0.6056440439046239,0.7182017233793309,570.9943534619965
moderate,FCFS,27,0.97,0.6248761977005073,0.7386105428161202,583.648278515944
moderate,FCFS,28,0.964,0.636722911173256,0.7495353674693347,583.4242870282853
moderate,FCFS,29,0.965,0.6132620153812165,0.7107267015369331,573.6112674546606
moderate,FCFS,30,0.967,0.6311601463804406,0.7254771486800873,582.4735034139584
moderate,SJF,1,0.978,0.6320629605701824,0.7344061595513588,591.3923657593871
moderate,SJF,2,0.977,0.6410986422066162,0.7617840115631275,604.1092622974871
moderate,SJF,3,0.971,0.7283711381682662,0.8173830439477525,635.9656056077165
moderate,SJF,4,0.978,0.587894332458722,0.7034536456177172,549.7026750705877
moderate,SJF,5,0.977,0.6163641102296762,0.7349684780177788,582.4984758008453
moderate,SJF,6,0.988,0.6312230774139542,0.706632961218075,606.4254329344628
moderate,SJF,7,0.979,0.6563771678459742,0.750243695808142,598.0691399941334
moderate,SJF,8,0.983,0.6428302774492829,0.7558640734869777,589.1779411509726
moderate,SJF,9,0.979,0.6200739188695722,0.7365611802571349,585.577926213871
moderate,SJF,10,0.978,0.6179013938254023,0.7400498498775062,585.4562547400732
moderate,SJF,11,0.975,0.6521314725077858,0.7828321127575568,607.6596011845544
moderate,SJF,12,0.987,0.5986343504824877,0.7390325113651132,575.3565207301011
moderate,SJF,13,0.981,0.6039260103262308,0.7104134004979421,582.9269000639429
moderate,SJF,14,0.975,0.6496074658546568,0.7623501123722536,611.4876646675878
moderate,SJF,15,0.987,0.6111783222061269,0.7299480826489697,590.7696636708703
moderate,SJF,16,0.979,0.6249540779763456,0.7472084388593443,598.4361801663938
moderate,SJF,17,0.973,0.6438240372863411,0.7486329635893302,595.7312191012054
moderate,SJF,18,0.978,0.6494129404285205,0.758855577317972,615.933526949991
moderate,SJF,19,0.98,0.6127838633286917,0.7106010273199739,580.6409753461392
moderate,SJF,20,0.981,0.5804434577907973,0.6888262484144508,568.6139309276114
moderate,SJF,21,0.977,0.6319374170353128,0.7317278318562846,591.8061663960838
moderate,SJF,22,0.981,0.5736998322894756,0.681680457751195,555.8109804696932
moderate,SJF,23,0.981,0.5979267014070964,0.7251304877875598,581.4201057223021
moderate,SJF,24,0.978,0.6148367541030062,0.7201314067166172,589.7847587370234
moderate,SJF,25,0.974,0.7067063493103012,0.7758764546408696,622.0792472059375
moderate,SJF,26,0.986,0.6002961620746622,0.7182017233793309,569.3437700422386
moderate,SJF,27,0.979,0.6163655031173588,0.7386105428161203,582.7287034118464
moderate,SJF,28,0.983,0.6338412046396187,0.7441659882470509,591.8786231132666
moderate,SJF,29,0.979,0.6089808228285677,0.7168264244767137,576.8346982175698
moderate,SJF,30,0.978,0.6202645200353765,0.7244612058290205,586.9922908890683
moderate,EDF,1,0.981,0.6272772569764101,0.7344061595513586,585.1529340711004
moderate,EDF,2,0.981,0.6429825319311389,0.7617840115631275,603.7610852989612
moderate,EDF,3,0.97,0.7319825605043095,0.806726581752447,638.0920090320864
moderate,EDF,4,0.979,0.5993678916731732,0.6972552280739227,560.4561697277171
moderate,EDF,5,0.98,0.6145906609103887,0.7349684780177788,579.7904462839871
moderate,EDF,6,0.982,0.6330979643526649,0.708409062683747,607.0872122055207
moderate,EDF,7,0.988,0.6567578802726649,0.7535114213197066,594.9875309674121
moderate,EDF,8,0.973,0.6423190715539224,0.7564612003194181,587.6500745437397
moderate,EDF,9,0.979,0.6210353327223995,0.7365611802571349,584.1764352071706
moderate,EDF,10,0.977,0.6208742845261942,0.7400498498775062,588.0811970694429
moderate,EDF,11,0.978,0.6511938010130605,0.7828321127575568,607.1482133197462
moderate,EDF,12,0.988,0.59621432528404,0.7390325113651132,572.6665736115605
moderate,EDF,13,0.982,0.5972528919064821,0.716963618512079,578.8211419662418
moderate,EDF,14,0.977,0.6500160498051716,0.7623501123722535,612.979719529032
moderate,EDF,15,0.984,0.6138460055451468,0.7344284714718552,593.019283013039
moderate,EDF,16,0.978,0.6239856833748372,0.7472084388593442,596.6683678173049
moderate,EDF,17,0.976,0.6419152551749661,0.7486329635893302,594.1159911754019
moderate,EDF,18,0.981,0.6487021207913187,0.7588555773179723,616.6187786396862
moderate,EDF,19,0.98,0.6083721009695505,0.7172544376949873,575.0331698695475
moderate,EDF,20,0.981,0.5825847616889837,0.6888262484144507,570.4197513265489
moderate,EDF,21,0.985,0.6354116991420192,0.7144388529857858,593.4424276275048
moderate,EDF,22,0.983,0.5710474795173025,0.681680457751195,552.7349087071827
moderate,EDF,23,0.975,0.5994529963994366,0.7295498642052014,581.6005052113084
moderate,EDF,24,0.982,0.6137321029790492,0.7192980733250953,589.285280374407
moderate,EDF,25,0.984,0.7033061990944195,0.7720968745529837,621.8949619743818
moderate,EDF,26,0.984,0.598645036699158,0.7182017233793309,568.7274957068797
moderate,EDF,27,0.982,0.6162798485598378,0.7386105428161203,583.242859377224
moderate,EDF,28,0.985,0.6305199477546001,0.7495353674693347,587.390799844741
moderate,EDF,29,0.981,0.6066428179664879,0.7168264244767137,572.5848934402762
moderate,EDF,30,0.986,0.6216074392521622,0.7244612058290206,584.4270803395341
moderate,AHDETS,1,0.989,0.6768231096775047,0.7320828902117049,625.6198029827232
moderate,AHDETS,2,0.982,0.6886892244181413,0.7454177188940242,637.7015796965528
moderate,AHDETS,3,0.988,0.7752010695866066,0.8252382142989568,657.3971332950658
moderate,AHDETS,4,0.987,0.6468739691534552,0.7003988302581625,598.7135276861633
moderate,AHDETS,5,0.989,0.6486174015866756,0.7349684780177788,611.5793849112832
moderate,AHDETS,6,0.988,0.6807370687060554,0.711477466064265,651.3654759609304
moderate,AHDETS,7,0.989,0.6906187286169856,0.7551383040445626,623.9915555394286
moderate,AHDETS,8,0.986,0.6795422792947636,0.7565151407513865,616.0611758090247
moderate,AHDETS,9,0.985,0.6572670166733297,0.7382268630753153,612.7434688733903
moderate,AHDETS,10,0.982,0.6544144696100104,0.7346845630659852,619.4232203972182
moderate,AHDETS,11,0.983,0.6810706905045301,0.7635164274015906,630.4148580468135
moderate,AHDETS,12,0.994,0.6407843399196577,0.737526484533463,605.7496385492948
moderate,AHDETS,13,0.991,0.6453020332435855,0.7101657242756622,622.09181596503
moderate,AHDETS,14,0.987,0.6814265480329286,0.7534220066385561,637.8996538396352
moderate,AHDETS,15,0.995,0.6610222820945371,0.7321092877224157,629.905744641552
moderate,AHDETS,16,0.99,0.6709580764659522,0.7442557592716575,636.8498611250642
moderate,AHDETS,17,0.989,0.6778550988075639,0.7486329635893302,626.8215071681749
moderate,AHDETS,18,0.992,0.6780193730934738,0.763652401498747,639.2334472968116
moderate,AHDETS,19,0.988,0.646303922852523,0.708583818270589,612.5299590772444
moderate,AHDETS,20,0.983,0.6305912097791767,0.6902168247168645,613.3553220326999
moderate,AHDETS,21,0.993,0.6825971351981847,0.7241413850430043,628.3777394747088
moderate,AHDETS,22,0.99,0.6247648448438982,0.6779262972532109,600.3862787313116
moderate,AHDETS,23,0.987,0.6446486840882273,0.7282130772063092,618.0969627990031
moderate,AHDETS,24,0.988,0.6522725336948837,0.7235871636252973,619.9519091338946
moderate,AHDETS,25,0.988,0.738785265372585,0.7785490866795729,641.7738904398041
moderate,AHDETS,26,0.99,0.6433538670731602,0.7174366134377812,609.0869123088869
moderate,AHDETS,27,0.988,0.6525865607288618,0.7466504168764694,615.5099420088186
moderate,AHDETS,28,0.992,0.6759456237833278,0.7448860795377356,622.8469738011705
moderate,AHDETS,29,0.992,0.6470750711874429,0.7161484929471171,612.4233957457194
moderate,AHDETS,30,0.992,0.6582067467648607,0.7247809604079665,613.6414473160684
heavy,FCFS,1,0.181,4.199083282301064,0.9628642342595246,626.2184348360603
heavy,FCFS,2,0.286,4.270774318491593,0.9818523951296868,636.175787315845
heavy,FCFS,3,0.186,6.814061376915335,0.9814958276819455,650.1565564229047
heavy,FCFS,4,0.278,2.957579452230612,0.970842726838942,598.612302774585
heavy,FCFS,5,0.146,4.902908818981973,0.9677583881129719,612.5952255943159
heavy,FCFS,6,0.291,3.3379174355858354,0.962897010000055,652.7752920979053
heavy,FCFS,7,0.278,4.108672821366242,0.966574692511291,623.3475108272871
heavy,FCFS,8,0.176,4.660830243458187,0.9629685488137053,614.8324727767333
heavy,FCFS,9,0.199,3.9942083255004577,0.9713418608441008,612.883565737754
heavy,FCFS,10,0.173,4.15678596594381,0.976130901373112,619.0255124682261
heavy,FCFS,11,0.168,5.673837552292941,0.9874861052491768,623.8474920593341
heavy,FCFS,12,0.304,3.5508922665256404,0.9806789218678774,605.2569706461189
heavy,FCFS,13,0.315,3.0082152279539724,0.9774152342413579,617.3501523567683
heavy,FCFS,14,0.158,5.5629492987059495,0.9663216881595782,636.2061094744446
heavy,FCFS,15,0.433,3.012959693607837,0.9852628447423095,628.7594686151936
heavy,FCFS,16,0.17,4.898929943606522,0.9889102136586324,636.1019163692979
heavy,FCFS,17,0.21,4.971009736327128,0.9768591901792129,624.7309767210979
heavy,FCFS,18,0.165,5.199967927509786,0.978773893243996,639.5164069712273
heavy,FCFS,19,0.383,2.9449016961276224,0.9647364788425286,610.7726151807983
heavy,FCFS,20,0.384,2.559764552879941,0.96819961828375,612.9049131529416
heavy,FCFS,21,0.387,3.7451474489463292,0.9544438115971802,625.4894888575684
heavy,FCFS,22,0.337,2.5973937638609677,0.9889153739808141,599.1674113611027
heavy,FCFS,23,0.373,3.055074162762447,0.970579011403016,618.2582249115146
heavy,FCFS,24,0.246,3.5629462744326643,0.9626155356880496,621.1033922158501
heavy,FCFS,25,0.126,5.624957810811687,0.9630759085572956,640.4126109021141
heavy,FCFS,26,0.413,2.7235418936985942,0.9801375672498663,609.1735661183092
heavy,FCFS,27,0.324,4.051530585058055,0.9761333260597482,614.2271323441379
heavy,FCFS,28,0.203,4.62693641675537,0.9760536514067755,621.6701794760893
heavy,FCFS,29,0.224,3.629353019515032,0.9756179820192645,611.9358949610466
heavy,FCFS,30,0.185,3.881491968845103,0.9784633403825891,612.5089567229663
heavy,SJF,1,0.858,2.57799839720357,0.9404704264325066,627.9360509011675
heavy,SJF,2,0.859,2.6716157635211237,0.9741037155627454,636.663185210045
heavy,SJF,3,0.806,4.23440901656552,0.9689113856817152,651.5983670410436
heavy,SJF,4,0.883,1.860971670206986,0.9635651494627714,600.2041963848923
heavy,SJF,5,0.876,2.8909371697343973,0.9658559627129719,611.1840764958785
heavy,SJF,6,0.892,2.18012030477841,0.9589822921495108,652.4164512101826
heavy,SJF,7,0.861,2.5526125217170677,0.975055001144395,622.2457634965269
heavy,SJF,8,0.838,2.8402896682050915,0.9425022853210359,616.1819639797892
heavy,SJF,9,0.865,2.421846852964867,0.9450279049303223,614.2358288455026
heavy,SJF,10,0.854,2.5485439788024453,0.9481194036154711,620.460033021814
heavy,SJF,11,0.851,3.4161455905141267,0.9610272639283869,626.7006796929492
heavy,SJF,12,0.876,2.211261045289922,0.9594704335919629,607.9252264297176
heavy,SJF,13,0.882,1.9418105991972836,0.9659350697221686,619.4180308924372
heavy,SJF,14,0.84,3.3736391343730823,0.9426245523901239,638.0317546882336
heavy,SJF,15,0.883,2.037288814876143,0.9711848710204513,629.5956435030984
heavy,SJF,16,0.865,2.9935983930230115,0.9594977418599506,638.8465363843384
heavy,SJF,17,0.865,3.0485010444505214,0.956208162444152,625.3793416890949
heavy,SJF,18,0.854,3.17201091864856,0.9867111745114214,638.3455746467256
heavy,SJF,19,0.899,1.9226515551986487,0.9539386707206542,610.6366047958684
heavy,SJF,20,0.895,1.7011974070172156,0.9659697952032151,612.7168651635834
heavy,SJF,21,0.876,2.419859513760307,0.935384153551227,628.3704028621207
heavy,SJF,22,0.907,1.6736731996727017,0.9631883441665211,600.9501167740013
heavy,SJF,23,0.875,1.96658140006432,0.9499432686794532,620.8818391575543
heavy,SJF,24,0.884,2.215394739107392,0.9575055070740031,621.7362310512398
heavy,SJF,25,0.831,3.440209530726953,0.9716273746512152,639.6402348627174
heavy,SJF,26,0.895,1.779157437197285,0.9636773758164376,611.072891443459
heavy,SJF,27,0.866,2.5114963482572232,0.969219552348181,614.2078467706091
heavy,SJF,28,0.855,2.801544156638296,0.9706554704993747,622.0412313516923
heavy,SJF,29,0.885,2.2241942398233876,0.9448027522692258,613.6696860394418
heavy,SJF,30,0.868,2.3924070813304095,0.9874512562363729,611.5546547622395
heavy,EDF,1,0.251,3.5393476984007264,0.9713952943130105,626.5261930021043
heavy,EDF,2,0.417,3.701883633477849,0.9616937596855977,636.2395085849548
heavy,EDF,3,0.222,6.133324389075516,0.966011648240888,652.1312979479508
heavy,EDF,4,0.472,2.3524132134414333,0.9611050782457977,599.1564490581578
heavy,EDF,5,0.177,4.163709257339184,0.9733667715816368,611.7095508400912
heavy,EDF,6,0.414,2.784062426079523,0.9675023647989248,651.869320474454
heavy,EDF,7,0.393,3.5073858302739223,0.9694988713170272,622.7908895415806
heavy,EDF,8,0.33,3.930969204184293,0.9824037638973633,614.557165050037
heavy,EDF,9,0.246,3.258880594812972,0.979621984925492,612.2007063586377
heavy,EDF,10,0.231,3.5333490245385146,0.9742437592644807,619.5397662592992
heavy,EDF,11,0.233,4.988521083911929,0.9736285029744108,625.1787643060796
heavy,EDF,12,0.435,3.001828552831146,0.9694150570167018,606.3285664772222
heavy,EDF,13,0.512,2.421265966540834,0.9639885188807336,619.8817392149605
heavy,EDF,14,0.235,4.885326470916854,0.9637523186836066,636.2805624358759
heavy,EDF,15,0.548,2.5719650037086748,0.9757059029320524,629.7107369940738
heavy,EDF,16,0.229,4.239348976713038,0.9734456706424317,637.3024529674437
heavy,EDF,17,0.278,4.330673450583165,0.9484911322461833,626.5663606236184
heavy,EDF,18,0.232,4.511549684560247,0.9646663346558608,640.310418515666
heavy,EDF,19,0.503,2.4146889970326244,0.9664321668536512,610.3174089654192
heavy,EDF,20,0.553,2.1212962110855553,0.9612889185534542,612.2318516714756
heavy,EDF,21,0.446,3.327056144234365,0.9271792155116727,628.4032330827306
heavy,EDF,22,0.582,2.0294135954902313,0.9796088442240051,600.0406763649287
heavy,EDF,23,0.499,2.545565797802651,0.9604785465638028,619.8475156256138
heavy,EDF,24,0.304,2.90124757753611,0.9576267205389926,622.2394045567327
heavy,EDF,25,0.184,4.892393428519392,0.9794195695626716,639.7249785948204
heavy,EDF,26,0.57,2.2517612873524473,0.9820599942391953,609.2595833032937
heavy,EDF,27,0.379,3.484609017193642,0.965844040581656,614.5468148418856
heavy,EDF,28,0.357,3.9709524460545476,0.9749338652702526,620.6488392206054
heavy,EDF,29,0.239,3.0761488395816423,0.9784537522315387,610.9970340577676
heavy,EDF,30,0.202,3.251236122168142,0.9574936593606147,613.1390351555214
heavy,AHDETS,1,0.942,3.1744891954788756,0.9721610585209118,626.3710407593258
heavy,AHDETS,2,0.927,3.017161470313174,0.964824331525448,636.2825990734885
heavy,AHDETS,3,0.888,4.601157354319214,0.9660378581300519,650.0723242656896
heavy,AHDETS,4,0.955,2.1912405759646876,0.955644102826641,601.9348365185832
heavy,AHDETS,5,0.945,3.484993820020262,0.9429617447593777,614.0587289351729
heavy,AHDETS,6,0.965,2.611379158857179,0.973269184751447,652.0520052526339
heavy,AHDETS,7,0.936,2.935720292517654,0.9797696192432856,622.876430078401
heavy,AHDETS,8,0.934,3.1726328051824866,0.9876506469163372,613.7616259912879
heavy,AHDETS,9,0.948,2.6707918137772744,0.9601355415054622,614.0198644957311
heavy,AHDETS,10,0.942,3.009197612332304,0.956211504919869,621.2469971168699
heavy,AHDETS,11,0.912,3.9721065215131066,0.9754973400395741,625.6054333099843
heavy,AHDETS,12,0.939,2.5653451194216976,0.9722544280505219,607.1638465866014
heavy,AHDETS,13,0.962,2.3143500035982107,0.9643587303749479,620.2989066713533
heavy,AHDETS,14,0.923,3.7447301817643797,0.971164726788513,635.6057882698444
heavy,AHDETS,15,0.95,2.38505280393357,0.955548203151353,632.1774664256583
heavy,AHDETS,16,0.942,3.348064261154233,0.9712125346562501,636.8968493728586
heavy,AHDETS,17,0.933,3.460167417999535,0.9822146780180553,626.1976937319341
heavy,AHDETS,18,0.922,3.6731254672386657,0.9543023071162743,642.2616753331596
heavy,AHDETS,19,0.959,2.2885934240776127,0.9679932505346224,611.5372298548597
heavy,AHDETS,20,0.968,2.2132734235292575,0.9674499103421872,614.2186470280362
heavy,AHDETS,21,0.934,2.7291661554940974,0.9362068029354832,630.2519772349541
heavy,AHDETS,22,0.977,1.9777611817438827,0.9736000178812819,601.0520456350343
heavy,AHDETS,23,0.952,2.511497467529342,0.947872247196237,620.9530992134659
heavy,AHDETS,24,0.952,2.7899113274522076,0.9818048178006784,620.0159758235178
heavy,AHDETS,25,0.919,3.9743255200372007,0.9774883860753042,640.5712026597098
heavy,AHDETS,26,0.964,1.968529875825325,0.9824270559920526,608.4510884643437
heavy,AHDETS,27,0.937,2.8920470686738464,0.9605455007533387,615.588333717634
heavy,AHDETS,28,0.933,3.3206829489816294,0.961467356760942,623.4353998576241
heavy,AHDETS,29,0.964,2.5578328695302788,0.9728885726022819,611.6507720042002
heavy,AHDETS,30,0.957,2.7818515724003454,0.9857579892212043,611.5351514951765
