arrival_rate,offered_load,offered_load_percent,algorithm,run,deadline_success_rate,average_response_time,system_utilization,total_energy_consumed
3.0,0.18923076923076923,18.923076923076923,FCFS,1,1.0,0.3985221180813671,0.18468419010643145,313.1711783542732
3.0,0.18923076923076923,18.923076923076923,FCFS,2,1.0,0.40278059352021306,0.19192435561887355,314.99224017389975
3.0,0.18923076923076923,18.923076923076923,FCFS,3,1.0,0.4172098569119638,0.21060526456072243,327.69164180421166
3.0,0.18923076923076923,18.923076923076923,FCFS,4,0.999,0.3829252876920784,0.17763616835089557,307.6270925564244
3.0,0.18923076923076923,18.923076923076923,FCFS,5,1.0,0.38356384124529963,0.1863982468525985,298.514940039309
3.0,0.18923076923076923,18.923076923076923,FCFS,6,1.0,0.41019409650502403,0.17974825014708284,308.0983357875258
3.0,0.18923076923076923,18.923076923076923,FCFS,7,1.0,0.39642093776277787,0.1915119024708805,318.2535878745723
3.0,0.18923076923076923,18.923076923076923,FCFS,8,1.0,0.39260923399969844,0.19380273924538893,317.36283450798356
3.0,0.18923076923076923,18.923076923076923,FCFS,9,1.0,0.3892646446688367,0.18588510781714043,314.2760029338196
3.0,0.18923076923076923,18.923076923076923,FCFS,10,1.0,0.397670383558568,0.1877551687260155,317.3991284024607
3.0,0.18923076923076923,18.923076923076923,FCFS,11,1.0,0.4000855474974393,0.2002017658394379,323.97127606025805
3.0,0.18923076923076923,18.923076923076923,FCFS,12,1.0,0.387154917017583,0.18627553385965898,316.0705363936005
3.0,0.18923076923076923,18.923076923076923,FCFS,13,1.0,0.39014878589688884,0.18226677349274328,305.02895902361314
3.0,0.18923076923076923,18.923076923076923,FCFS,14,1.0,0.4072454020299086,0.1942505881328497,321.58227706669993
3.0,0.18923076923076923,18.923076923076923,FCFS,15,1.0,0.39704533703040146,0.18519907126679133,303.8407302397014
3.0,0.18923076923076923,18.923076923076923,FCFS,16,1.0,0.4022637991310437,0.18833377339534382,307.3319210464905
3.0,0.18923076923076923,18.923076923076923,FCFS,17,1.0,0.40112716665888337,0.1922288908133315,319.5884325180585
3.0,0.18923076923076923,18.923076923076923,FCFS,18,1.0,0.404929223973953,0.19424696750668427,309.3268890073543
3.0,0.18923076923076923,18.923076923076923,FCFS,19,1.0,0.38908520172442923,0.1815415774295511,311.9329010360042
3.0,0.18923076923076923,18.923076923076923,FCFS,20,1.0,0.38548186797474493,0.1779475097651236,302.2775086022127
3.0,0.18923076923076923,18.923076923076923,FCFS,21,1.0,0.3979183768569421,0.18522102162886686,306.2621586460287
3.0,0.18923076923076923,18.923076923076923,FCFS,22,1.0,0.3741783602618485,0.171372197617186,280.94790189989783
3.0,0.18923076923076923,18.923076923076923,FCFS,23,1.0,0.38795996499752694,0.18393253471204007,300.60081892389053
3.0,0.18923076923076923,18.923076923076923,FCFS,24,1.0,0.39371873477744634,0.18476139556745122,312.07866681276715
3.0,0.18923076923076923,18.923076923076923,FCFS,25,1.0,0.4120638668711956,0.19741570806025283,332.3726499436731
3.0,0.18923076923076923,18.923076923076923,FCFS,26,1.0,0.3879493764638883,0.18063500969424465,311.14402021435365
3.0,0.18923076923076923,18.923076923076923,FCFS,27,1.0,0.38989512774696905,0.18823283777564923,308.50824172473915
3.0,0.18923076923076923,18.923076923076923,FCFS,28,1.0,0.39205623119214517,0.18774802752150344,305.41107420301154
3.0,0.18923076923076923,18.923076923076923,FCFS,29,1.0,0.3871099381177287,0.18153746965233739,302.79502087479534
3.0,0.18923076923076923,18.923076923076923,FCFS,30,1.0,0.3899032671974043,0.18252377821307753,314.18883459410824
3.0,0.18923076923076923,18.923076923076923,SJF,1,1.0,0.3985221180813671,0.18468419010643145,313.1711783542732
3.0,0.18923076923076923,18.923076923076923,SJF,2,1.0,0.40278059352021306,0.19192435561887355,314.99224017389975
3.0,0.18923076923076923,18.923076923076923,SJF,3,1.0,0.4172098569119638,0.21060526456072243,327.69164180421166
3.0,0.18923076923076923,18.923076923076923,SJF,4,0.999,0.3829252876920784,0.17763616835089557,307.6270925564244
3.0,0.18923076923076923,18.923076923076923,SJF,5,1.0,0.38356384124529963,0.1863982468525985,298.514940039309
3.0,0.18923076923076923,18.923076923076923,SJF,6,1.0,0.41019409650502403,0.17974825014708284,308.0983357875258
3.0,0.18923076923076923,18.923076923076923,SJF,7,1.0,0.39642093776277787,0.1915119024708805,318.2535878745723
3.0,0.18923076923076923,18.923076923076923,SJF,8,1.0,0.39260923399969844,0.19380273924538893,317.36283450798356
3.0,0.18923076923076923,18.923076923076923,SJF,9,1.0,0.3892646446688367,0.18588510781714043,314.2760029338196
3.0,0.18923076923076923,18.923076923076923,SJF,10,1.0,0.397670383558568,0.1877551687260155,317.3991284024607
3.0,0.18923076923076923,18.923076923076923,SJF,11,1.0,0.4000855474974393,0.2002017658394379,323.97127606025805
3.0,0.18923076923076923,18.923076923076923,SJF,12,1.0,0.387154917017583,0.18627553385965898,316.0705363936005
3.0,0.18923076923076923,18.923076923076923,SJF,13,1.0,0.39014878589688884,0.18226677349274328,305.02895902361314
3.0,0.18923076923076923,18.923076923076923,SJF,14,1.0,0.4072454020299086,0.1942505881328497,321.58227706669993
3.0,0.18923076923076923,18.923076923076923,SJF,15,1.0,0.39704533703040146,0.18519907126679133,303.8407302397014
3.0,0.18923076923076923,18.923076923076923,SJF,16,1.0,0.4022637991310437,0.18833377339534382,307.3319210464905
3.0,0.18923076923076923,18.923076923076923,SJF,17,1.0,0.40112716665888337,0.1922288908133315,319.5884325180585
3.0,0.18923076923076923,18.923076923076923,SJF,18,1.0,0.404929223973953,0.19424696750668427,309.3268890073543
3.0,0.18923076923076923,18.923076923076923,SJF,19,1.0,0.38908520172442923,0.1815415774295511,311.9329010360042
3.0,0.18923076923076923,18.923076923076923,SJF,20,1.0,0.38548186797474493,0.1779475097651236,302.2775086022127
3.0,0.18923076923076923,18.923076923076923,SJF,21,1.0,0.3979183768569421,0.18522102162886686,306.2621586460287
3.0,0.18923076923076923,18.923076923076923,SJF,22,1.0,0.3741783602618485,0.171372197617186,280.94790189989783
3.0,0.18923076923076923,18.923076923076923,SJF,23,1.0,0.38795996499752694,0.18393253471204007,300.60081892389053
3.0,0.18923076923076923,18.923076923076923,SJF,24,1.0,0.39371873477744634,0.18476139556745122,312.07866681276715
3.0,0.18923076923076923,18.923076923076923,SJF,25,1.0,0.4120638668711956,0.19741570806025283,332.3726499436731
3.0,0.18923076923076923,18.923076923076923,SJF,26,1.0,0.3879493764638883,0.18063500969424465,311.14402021435365
3.0,0.18923076923076923,18.923076923076923,SJF,27,1.0,0.38989512774696905,0.18823283777564923,308.50824172473915
3.0,0.18923076923076923,18.923076923076923,SJF,28,1.0,0.39205623119214517,0.18774802752150344,305.41107420301154
3.0,0.18923076923076923,18.923076923076923,SJF,29,1.0,0.3871099381177287,0.18153746965233739,302.79502087479534
3.0,0.18923076923076923,18.923076923076923,SJF,30,1.0,0.3899032671974043,0.18252377821307753,314.18883459410824
3.0,0.18923076923076923,18.923076923076923,EDF,1,1.0,0.3985221180813671,0.18468419010643145,313.1711783542732
3.0,0.18923076923076923,18.923076923076923,EDF,2,1.0,0.40278059352021306,0.19192435561887355,314.99224017389975
3.0,0.18923076923076923,18.923076923076923,EDF,3,1.0,0.4172098569119638,0.21060526456072243,327.69164180421166
3.0,0.18923076923076923,18.923076923076923,EDF,4,0.999,0.3829252876920784,0.17763616835089557,307.6270925564244
3.0,0.18923076923076923,18.923076923076923,EDF,5,1.0,0.38356384124529963,0.1863982468525985,298.514940039309
3.0,0.18923076923076923,18.923076923076923,EDF,6,1.0,0.41019409650502403,0.17974825014708284,308.0983357875258
3.0,0.18923076923076923,18.923076923076923,EDF,7,1.0,0.39642093776277787,0.1915119024708805,318.2535878745723
3.0,0.18923076923076923,18.923076923076923,EDF,8,1.0,0.39260923399969844,0.19380273924538893,317.36283450798356
3.0,0.18923076923076923,18.923076923076923,EDF,9,1.0,0.3892646446688367,0.18588510781714043,314.2760029338196
3.0,0.18923076923076923,18.923076923076923,EDF,10,1.0,0.397670383558568,0.1877551687260155,317.3991284024607
3.0,0.18923076923076923,18.923076923076923,EDF,11,1.0,0.4000855474974393,0.2002017658394379,323.97127606025805
3.0,0.18923076923076923,18.923076923076923,EDF,12,1.0,0.387154917017583,0.18627553385965898,316.0705363936005
3.0,0.18923076923076923,18.923076923076923,EDF,13,1.0,0.39014878589688884,0.18226677349274328,305.02895902361314
3.0,0.18923076923076923,18.923076923076923,EDF,14,1.0,0.4072454020299086,0.1942505881328497,321.58227706669993
3.0,0.18923076923076923,18.923076923076923,EDF,15,1.0,0.39704533703040146,0.18519907126679133,303.8407302397014
3.0,0.18923076923076923,18.923076923076923,EDF,16,1.0,0.4022637991310437,0.18833377339534382,307.3319210464905
3.0,0.18923076923076923,18.923076923076923,EDF,17,1.0,0.40112716665888337,0.1922288908133315,319.5884325180585
3.0,0.18923076923076923,18.923076923076923,EDF,18,1.0,0.404929223973953,0.19424696750668427,309.3268890073543
3.0,0.18923076923076923,18.923076923076923,EDF,19,1.0,0.38908520172442923,0.1815415774295511,311.9329010360042
3.0,0.18923076923076923,18.923076923076923,EDF,20,1.0,0.38548186797474493,0.1779475097651236,302.2775086022127
3.0,0.18923076923076923,18.923076923076923,EDF,21,1.0,0.3979183768569421,0.18522102162886686,306.2621586460287
3.0,0.18923076923076923,18.923076923076923,EDF,22,1.0,0.3741783602618485,0.171372197617186,280.94790189989783
3.0,0.18923076923076923,18.923076923076923,EDF,23,1.0,0.38795996499752694,0.18393253471204007,300.60081892389053
3.0,0.18923076923076923,18.923076923076923,EDF,24,1.0,0.39371873477744634,0.18476139556745122,312.07866681276715
3.0,0.18923076923076923,18.923076923076923,EDF,25,1.0,0.4120638668711956,0.19741570806025283,332.3726499436731
3.0,0.18923076923076923,18.923076923076923,EDF,26,1.0,0.3879493764638883,0.18063500969424465,311.14402021435365
3.0,0.18923076923076923,18.923076923076923,EDF,27,1.0,0.38989512774696905,0.18823283777564923,308.50824172473915
3.0,0.18923076923076923,18.923076923076923,EDF,28,1.0,0.39205623119214517,0.18774802752150344,305.41107420301154
3.0,0.18923076923076923,18.923076923076923,EDF,29,1.0,0.3871099381177287,0.18153746965233739,302.79502087479534
3.0,0.18923076923076923,18.923076923076923,EDF,30,1.0,0.3899032671974043,0.18252377821307753,314.18883459410824
3.0,0.18923076923076923,18.923076923076923,AHDETS,1,1.0,0.625836494711819,0.18411278752113988,625.8364947118193
3.0,0.18923076923076923,18.923076923076923,AHDETS,2,1.0,0.6346765923383432,0.19186973873958146,634.6765923383434
3.0,0.18923076923076923,18.923076923076923,AHDETS,3,1.0,0.650213734924508,0.21053676879981556,650.2137349245075
3.0,0.18923076923076923,18.923076923076923,AHDETS,4,1.0,0.5986262583546837,0.17685913497832104,598.6262583546836
3.0,0.18923076923076923,18.923076923076923,AHDETS,5,1.0,0.6116320071954384,0.18604771533675418,611.6320071954382
3.0,0.18923076923076923,18.923076923076923,AHDETS,6,1.0,0.649966851373822,0.1794401164007586,649.9668513738228
3.0,0.18923076923076923,18.923076923076923,AHDETS,7,1.0,0.6216780024196042,0.19115206982643154,621.6780024196044
3.0,0.18923076923076923,18.923076923076923,AHDETS,8,1.0,0.6151267539298405,0.19311507601013314,615.1267539298408
3.0,0.18923076923076923,18.923076923076923,AHDETS,9,1.0,0.612299969873268,0.1857766868649548,612.2999698732684
3.0,0.18923076923076923,18.923076923076923,AHDETS,10,1.0,0.6177057338827797,0.18761419031150875,617.7057338827798
3.0,0.18923076923076923,18.923076923076923,AHDETS,11,1.0,0.6240378738702742,0.1997933577030746,624.0378738702743
3.0,0.18923076923076923,18.923076923076923,AHDETS,12,1.0,0.6049902428919737,0.18597360997262322,604.9902428919742
3.0,0.18923076923076923,18.923076923076923,AHDETS,13,1.0,0.6180106013707192,0.18203294081388252,618.0106013707193
3.0,0.18923076923076923,18.923076923076923,AHDETS,14,1.0,0.6354188139063949,0.1940884065194173,635.4188139063945
3.0,0.18923076923076923,18.923076923076923,AHDETS,15,1.0,0.6279892868613479,0.18516918112295366,627.9892868613478
3.0,0.18923076923076923,18.923076923076923,AHDETS,16,1.0,0.6349542974110495,0.18785012627331077,634.9542974110499
3.0,0.18923076923076923,18.923076923076923,AHDETS,17,1.0,0.6257870400563916,0.19192628509085813,625.787040056392
3.0,0.18923076923076923,18.923076923076923,AHDETS,18,1.0,0.6403873048682656,0.19329419999305836,640.3873048682659
3.0,0.18923076923076923,18.923076923076923,AHDETS,19,1.0,0.6094906786300014,0.18135346324651788,609.4906786300014
3.0,0.18923076923076923,18.923076923076923,AHDETS,20,1.0,0.6121956805699552,0.17745126941945594,612.1956805699544
3.0,0.18923076923076923,18.923076923076923,AHDETS,21,1.0,0.6278446954547849,0.1846981880022863,627.8446954547846
3.0,0.18923076923076923,18.923076923076923,AHDETS,22,1.0,0.5995264047132375,0.1713121725071959,599.5264047132373
3.0,0.18923076923076923,18.923076923076923,AHDETS,23,1.0,0.6166006996930903,0.18393253471204,616.6006996930901
3.0,0.18923076923076923,18.923076923076923,AHDETS,24,1.0,0.6209697786905092,0.1830859237654782,620.9697786905093
3.0,0.18923076923076923,18.923076923076923,AHDETS,25,1.0,0.6397708459566049,0.19721428609722222,639.7708459566047
3.0,0.18923076923076923,18.923076923076923,AHDETS,26,1.0,0.6089304720275697,0.18045333754760515,608.9304720275694
3.0,0.18923076923076923,18.923076923076923,AHDETS,27,1.0,0.6158700665118204,0.18701792095645578,615.8700665118203
3.0,0.18923076923076923,18.923076923076923,AHDETS,28,1.0,0.622030391707423,0.18760251670636685,622.0303917074228
3.0,0.18923076923076923,18.923076923076923,AHDETS,29,1.0,0.6111579847921986,0.18153746965233739,611.1579847921987
3.0,0.18923076923076923,18.923076923076923,AHDETS,30,1.0,0.6134465908697199,0.1819217466748291,613.4465908697197
6.0,0.37846153846153846,37.84615384615385,FCFS,1,0.998,0.459764016392654,0.3687960923141486,446.27899253426534
6.0,0.37846153846153846,37.84615384615385,FCFS,2,0.998,0.46455440888296784,0.38314650912582515,451.73399635668557
6.0,0.37846153846153846,37.84615384615385,FCFS,3,0.999,0.4900573599842013,0.4198446120737661,480.9295376660833
6.0,0.37846153846153846,37.84615384615385,FCFS,4,0.998,0.43645393199642746,0.35435409167517495,425.6424382586984
6.0,0.37846153846153846,37.84615384615385,FCFS,5,1.0,0.43796936134604286,0.37221639277964796,424.82095711444066
6.0,0.37846153846153846,37.84615384615385,FCFS,6,0.999,0.4723348415921682,0.3587433011347312,447.94944344027425
6.0,0.37846153846153846,37.84615384615385,FCFS,7,0.997,0.45326094325316024,0.3823041396528633,442.27355012104636
6.0,0.37846153846153846,37.84615384615385,FCFS,8,0.999,0.45444422399971973,0.38468391975218585,445.6440881086868
6.0,0.37846153846153846,37.84615384615385,FCFS,9,0.998,0.4444118672537574,0.37133678463224523,433.19571617284726
6.0,0.37846153846153846,37.84615384615385,FCFS,10,0.997,0.45037177772710085,0.37508756093214,439.4620890252711
6.0,0.37846153846153846,37.84615384615385,FCFS,11,0.999,0.4614546844517869,0.39904402014432766,454.8464564557047
6.0,0.37846153846153846,37.84615384615385,FCFS,12,0.998,0.43961074867104477,0.372027836522211,432.61820766569537
6.0,0.37846153846153846,37.84615384615385,FCFS,13,0.999,0.4400855742922752,0.3635994146818811,428.99767217405014
6.0,0.37846153846153846,37.84615384615385,FCFS,14,0.998,0.46749111480375327,0.3875943220841828,455.3767689497936
6.0,0.37846153846153846,37.84615384615385,FCFS,15,0.999,0.4551675687026858,0.36986081372057417,435.36615288603656
6.0,0.37846153846153846,37.84615384615385,FCFS,16,0.998,0.45505923136344784,0.3757002525466214,435.183774261453
6.0,0.37846153846153846,37.84615384615385,FCFS,17,0.998,0.46644985919883836,0.3838525701817162,453.8614320900375
6.0,0.37846153846153846,37.84615384615385,FCFS,18,1.0,0.4622483015381549,0.38789625835779096,447.6342842036003
6.0,0.37846153846153846,37.84615384615385,FCFS,19,0.996,0.44764552538055935,0.36204346752490063,437.1554055072114
6.0,0.37846153846153846,37.84615384615385,FCFS,20,1.0,0.43074464066245005,0.35496776946178404,416.3581588847582
6.0,0.37846153846153846,37.84615384615385,FCFS,21,0.997,0.45899051777094835,0.36922791768376634,447.2095854225229
6.0,0.37846153846153846,37.84615384615385,FCFS,22,0.999,0.4261687819233617,0.3423844966917521,412.2846148761277
6.0,0.37846153846153846,37.84615384615385,FCFS,23,1.0,0.43590693869999986,0.3673230856701946,423.08316578672395
6.0,0.37846153846153846,37.84615384615385,FCFS,24,0.999,0.4492814209895309,0.368399016114083,437.5740577085875
6.0,0.37846153846153846,37.84615384615385,FCFS,25,0.996,0.4857449034682966,0.3933935380285065,477.7674330939893
6.0,0.37846153846153846,37.84615384615385,FCFS,26,1.0,0.44410914588638867,0.36072527688367406,432.7920137015566
6.0,0.37846153846153846,37.84615384615385,FCFS,27,0.999,0.4466697571415314,0.37521545925480754,436.08260677383714
6.0,0.37846153846153846,37.84615384615385,FCFS,28,1.0,0.4469596332972204,0.37525295023063016,432.2925699886574
6.0,0.37846153846153846,37.84615384615385,FCFS,29,0.999,0.43893797351779956,0.3624340251416898,424.2623416179088
6.0,0.37846153846153846,37.84615384615385,FCFS,30,0.999,0.44725606807103124,0.36431330933220335,435.1121287789525
6.0,0.37846153846153846,37.84615384615385,SJF,1,0.998,0.459764016392654,0.3687960923141486,446.27899253426534
6.0,0.37846153846153846,37.84615384615385,SJF,2,0.998,0.46455440888296784,0.38314650912582515,451.73399635668557
6.0,0.37846153846153846,37.84615384615385,SJF,3,0.999,0.4902185874969623,0.4198446120737661,481.0907651788443
6.0,0.37846153846153846,37.84615384615385,SJF,4,0.998,0.43590950203588524,0.35435409167517495,425.1314023261473
6.0,0.37846153846153846,37.84615384615385,SJF,5,1.0,0.43796936134604286,0.37221639277964796,424.82095711444066
6.0,0.37846153846153846,37.84615384615385,SJF,6,0.999,0.4723348415921682,0.3587433011347312,447.94944344027425
6.0,0.37846153846153846,37.84615384615385,SJF,7,0.997,0.45326094325316024,0.3823041396528633,442.27355012104636
6.0,0.37846153846153846,37.84615384615385,SJF,8,0.999,0.45444422399971973,0.38468391975218585,445.6440881086868
6.0,0.37846153846153846,37.84615384615385,SJF,9,0.999,0.4451779985271731,0.3713367846322452,434.0559195365097
6.0,0.37846153846153846,37.84615384615385,SJF,10,0.997,0.45037177772710085,0.37508756093214,439.4620890252711
6.0,0.37846153846153846,37.84615384615385,SJF,11,0.999,0.4614546844517869,0.39904402014432766,454.8464564557047
6.0,0.37846153846153846,37.84615384615385,SJF,12,0.998,0.4396114457731003,0.37202783652221105,432.6189047677509
6.0,0.37846153846153846,37.84615384615385,SJF,13,0.999,0.4400855742922752,0.3635994146818811,428.99767217405014
6.0,0.37846153846153846,37.84615384615385,SJF,14,0.998,0.4675505108589467,0.3875943220841828,455.4361650049871
6.0,0.37846153846153846,37.84615384615385,SJF,15,0.999,0.4551675687026858,0.36986081372057417,435.36615288603656
6.0,0.37846153846153846,37.84615384615385,SJF,16,0.998,0.45505923136344784,0.3757002525466214,435.183774261453
6.0,0.37846153846153846,37.84615384615385,SJF,17,0.998,0.46644985919883836,0.3838525701817162,453.8614320900375
6.0,0.37846153846153846,37.84615384615385,SJF,18,1.0,0.4622483015381549,0.38789625835779096,447.6342842036003
6.0,0.37846153846153846,37.84615384615385,SJF,19,0.996,0.44764552538055935,0.36204346752490063,437.1554055072114
6.0,0.37846153846153846,37.84615384615385,SJF,20,1.0,0.43074464066245005,0.35496776946178404,416.3581588847582
6.0,0.37846153846153846,37.84615384615385,SJF,21,0.997,0.45899051777094835,0.36922791768376634,447.2095854225229
6.0,0.37846153846153846,37.84615384615385,SJF,22,0.999,0.4261687819233617,0.3423844966917521,412.2846148761277
6.0,0.37846153846153846,37.84615384615385,SJF,23,1.0,0.43590693869999986,0.3673230856701946,423.08316578672395
6.0,0.37846153846153846,37.84615384615385,SJF,24,0.999,0.4492814209895309,0.368399016114083,437.5740577085875
6.0,0.37846153846153846,37.84615384615385,SJF,25,0.996,0.48568769770272524,0.3933935380285065,477.71022732841794
6.0,0.37846153846153846,37.84615384615385,SJF,26,1.0,0.44410914588638867,0.36072527688367406,432.7920137015566
6.0,0.37846153846153846,37.84615384615385,SJF,27,0.999,0.4466697571415314,0.37521545925480754,436.08260677383714
6.0,0.37846153846153846,37.84615384615385,SJF,28,1.0,0.4469596332972204,0.37525295023063016,432.2925699886574
6.0,0.37846153846153846,37.84615384615385,SJF,29,0.999,0.4393056398524033,0.3624340251416898,424.6315909487426
6.0,0.37846153846153846,37.84615384615385,SJF,30,0.999,0.44725606807103124,0.36431330933220335,435.1121287789525
6.0,0.37846153846153846,37.84615384615385,EDF,1,0.998,0.459764016392654,0.3687960923141486,446.27899253426534
6.0,0.37846153846153846,37.84615384615385,EDF,2,0.998,0.46455440888296784,0.38314650912582515,451.73399635668557
6.0,0.37846153846153846,37.84615384615385,EDF,3,0.999,0.4902185874969623,0.4198446120737661,481.0907651788443
6.0,0.37846153846153846,37.84615384615385,EDF,4,0.998,0.4364431495527207,0.35435409167517495,425.63165581499163
6.0,0.37846153846153846,37.84615384615385,EDF,5,1.0,0.43796936134604286,0.37221639277964796,424.82095711444066
6.0,0.37846153846153846,37.84615384615385,EDF,6,0.999,0.4723348415921682,0.3587433011347312,447.94944344027425
6.0,0.37846153846153846,37.84615384615385,EDF,7,0.997,0.45326094325316024,0.3823041396528633,442.27355012104636
6.0,0.37846153846153846,37.84615384615385,EDF,8,0.999,0.45444422399971973,0.38468391975218585,445.6440881086868
6.0,0.37846153846153846,37.84615384615385,EDF,9,0.999,0.4451779985271731,0.3713367846322452,434.0559195365097
6.0,0.37846153846153846,37.84615384615385,EDF,10,0.997,0.45037177772710085,0.37508756093214,439.4620890252711
6.0,0.37846153846153846,37.84615384615385,EDF,11,0.999,0.4614546844517869,0.39904402014432766,454.8464564557047
6.0,0.37846153846153846,37.84615384615385,EDF,12,0.998,0.43961074867104477,0.372027836522211,432.61820766569537
6.0,0.37846153846153846,37.84615384615385,EDF,13,0.999,0.4400855742922752,0.3635994146818811,428.99767217405014
6.0,0.37846153846153846,37.84615384615385,EDF,14,0.998,0.4675505108589467,0.3875943220841828,455.4361650049871
6.0,0.37846153846153846,37.84615384615385,EDF,15,0.999,0.4551675687026858,0.36986081372057417,435.36615288603656
6.0,0.37846153846153846,37.84615384615385,EDF,16,0.998,0.45505923136344784,0.3757002525466214,435.183774261453
6.0,0.37846153846153846,37.84615384615385,EDF,17,0.998,0.46644985919883836,0.3838525701817162,453.8614320900375
6.0,0.37846153846153846,37.84615384615385,EDF,18,1.0,0.4622483015381549,0.38789625835779096,447.6342842036003
6.0,0.37846153846153846,37.84615384615385,EDF,19,0.996,0.44764552538055935,0.36204346752490063,437.1554055072114
6.0,0.37846153846153846,37.84615384615385,EDF,20,1.0,0.43074464066245005,0.35496776946178404,416.3581588847582
6.0,0.37846153846153846,37.84615384615385,EDF,21,0.997,0.45899051777094835,0.36922791768376634,447.2095854225229
6.0,0.37846153846153846,37.84615384615385,EDF,22,0.999,0.4261687819233617,0.3423844966917521,412.2846148761277
6.0,0.37846153846153846,37.84615384615385,EDF,23,1.0,0.43590693869999986,0.3673230856701946,423.08316578672395
6.0,0.37846153846153846,37.84615384615385,EDF,24,0.999,0.4492814209895309,0.368399016114083,437.5740577085875
6.0,0.37846153846153846,37.84615384615385,EDF,25,0.996,0.48568769770272524,0.3933935380285065,477.71022732841794
6.0,0.37846153846153846,37.84615384615385,EDF,26,1.0,0.44410914588638867,0.36072527688367406,432.7920137015566
6.0,0.37846153846153846,37.84615384615385,EDF,27,0.999,0.4466697571415314,0.37521545925480754,436.08260677383714
6.0,0.37846153846153846,37.84615384615385,EDF,28,1.0,0.4469596332972204,0.37525295023063016,432.2925699886574
6.0,0.37846153846153846,37.84615384615385,EDF,29,0.999,0.43893797351779956,0.3624340251416898,424.2623416179088
6.0,0.37846153846153846,37.84615384615385,EDF,30,0.999,0.44725606807103124,0.36431330933220335,435.1121287789525
6.0,0.37846153846153846,37.84615384615385,AHDETS,1,1.0,0.6266270117448723,0.3665245651940299,626.2715536835489
6.0,0.37846153846153846,37.84615384615385,AHDETS,2,0.999,0.636589186391247,0.3815677842050652,635.9412433265043
6.0,0.37846153846153846,37.84615384615385,AHDETS,3,0.998,0.6510425112829812,0.4198446120737662,649.9849702657274
6.0,0.37846153846153846,37.84615384615385,AHDETS,4,0.999,0.5998309123764461,0.3534743613261038,598.1311544531762
6.0,0.37846153846153846,37.84615384615385,AHDETS,5,1.0,0.6116524036029927,0.3686982451260736,611.4290785793643
6.0,0.37846153846153846,37.84615384615385,AHDETS,6,1.0,0.650010785066846,0.3588919392061407,650.010785066846
6.0,0.37846153846153846,37.84615384615385,AHDETS,7,1.0,0.6232618230049994,0.38182586333913127,622.7315265457976
6.0,0.37846153846153846,37.84615384615385,AHDETS,8,0.999,0.6149070227220815,0.38485214287317776,614.7924085338776
6.0,0.37846153846153846,37.84615384615385,AHDETS,9,1.0,0.6120075465567685,0.3711636950779865,611.7898180871861
6.0,0.37846153846153846,37.84615384615385,AHDETS,10,0.996,0.6192389794392774,0.3738249240509987,618.7049878848156
6.0,0.37846153846153846,37.84615384615385,AHDETS,11,0.999,0.6249881006608647,0.3987334626935663,624.9484928233976
6.0,0.37846153846153846,37.84615384615385,AHDETS,12,0.998,0.6056732483209222,0.371725590185438,605.1665345820493
6.0,0.37846153846153846,37.84615384615385,AHDETS,13,1.0,0.6185368775393877,0.3621147203455356,618.5368775393877
6.0,0.37846153846153846,37.84615384615385,AHDETS,14,0.998,0.6369449730420119,0.3868382159376799,635.7838196985018
6.0,0.37846153846153846,37.84615384615385,AHDETS,15,0.999,0.6296280324840942,0.3689350924237519,629.2704332923164
6.0,0.37846153846153846,37.84615384615385,AHDETS,16,0.998,0.6375696090606934,0.3729876566047761,637.0410897077869
6.0,0.37846153846153846,37.84615384615385,AHDETS,17,1.0,0.6284290483522958,0.3812165908726436,628.0623446311324
6.0,0.37846153846153846,37.84615384615385,AHDETS,18,0.999,0.6407168136373771,0.3845839779379783,639.9992180184712
6.0,0.37846153846153846,37.84615384615385,AHDETS,19,0.997,0.6125710217039169,0.3586272188474937,611.9141144334556
6.0,0.37846153846153846,37.84615384615385,AHDETS,20,1.0,0.6139510389684474,0.3511556176324321,613.9510389684477
6.0,0.37846153846153846,37.84615384615385,AHDETS,21,0.998,0.6274368613898227,0.3692279176837663,627.2268652640895
6.0,0.37846153846153846,37.84615384615385,AHDETS,22,0.999,0.6008911595064269,0.34095242913290874,600.8911595064271
6.0,0.37846153846153846,37.84615384615385,AHDETS,23,1.0,0.617817922852267,0.36732308567019467,617.6871713949135
6.0,0.37846153846153846,37.84615384615385,AHDETS,24,0.997,0.6206032082685208,0.3661681104094384,620.485114666802
6.0,0.37846153846153846,37.84615384615385,AHDETS,25,0.996,0.6415858200821782,0.3923773857570087,639.6933204734678
6.0,0.37846153846153846,37.84615384615385,AHDETS,26,0.998,0.6085208736905793,0.3591008616896654,608.3273869767606
6.0,0.37846153846153846,37.84615384615385,AHDETS,27,0.999,0.6153855073785611,0.36954540388988827,615.2482863014357
6.0,0.37846153846153846,37.84615384615385,AHDETS,28,1.0,0.6223841886819764,0.3751201849889065,622.0681985102655
6.0,0.37846153846153846,37.84615384615385,AHDETS,29,1.0,0.6118290093102994,0.36229190693647834,611.3714464831891
6.0,0.37846153846153846,37.84615384615385,AHDETS,30,0.999,0.6136399743727592,0.3625995042334586,612.7834505664594
9.0,0.5676923076923077,56.769230769230774,FCFS,1,0.985,0.5386976133631138,0.551485230288925,532.6034079492528
9.0,0.5676923076923077,56.769230769230774,FCFS,2,0.991,0.5503857290015686,0.5714461619141935,546.3244499067447
9.0,0.5676923076923077,56.769230769230774,FCFS,3,0.987,0.5835176017434968,0.6285439587839071,577.5311163193875
9.0,0.5676923076923077,56.769230769230774,FCFS,4,0.983,0.5023902451613004,0.5291598993552282,492.25747803291546
9.0,0.5676923076923077,56.769230769230774,FCFS,5,0.989,0.5233759253608438,0.5568106394192914,519.807331997628
9.0,0.5676923076923077,56.769230769230774,FCFS,6,0.993,0.5472074853243342,0.5369870608114468,544.9409234664879
9.0,0.5676923076923077,56.769230769230774,FCFS,7,0.992,0.5426345560822651,0.5723807604862013,537.6511620065093
9.0,0.5676923076923077,56.769230769230774,FCFS,8,0.989,0.5445216547190982,0.5634906228000388,540.1157242586871
9.0,0.5676923076923077,56.769230769230774,FCFS,9,0.986,0.530174371038179,0.5553213105784601,521.1199216617179
9.0,0.5676923076923077,56.769230769230774,FCFS,10,0.99,0.5262857751867218,0.5599444114842865,522.6135838815862
9.0,0.5676923076923077,56.769230769230774,FCFS,11,0.988,0.5571731017359739,0.5971887537942056,553.3193345335884
9.0,0.5676923076923077,56.769230769230774,FCFS,12,0.99,0.5108231960264169,0.5557822500095791,508.6567408651687
9.0,0.5676923076923077,56.769230769230774,FCFS,13,0.994,0.5195869610542605,0.5440050864702644,518.2679730940374
9.0,0.5676923076923077,56.769230769230774,FCFS,14,0.99,0.5557618752833977,0.5724959376345553,548.9299102139705
9.0,0.5676923076923077,56.769230769230774,FCFS,15,0.995,0.5248410265916775,0.5534026386356286,522.8972371430112
9.0,0.5676923076923077,56.769230769230774,FCFS,16,0.993,0.5287875473453794,0.561799342761706,526.9030455061294
9.0,0.5676923076923077,56.769230769230774,FCFS,17,0.988,0.5526579751144437,0.5667059699167875,546.7967478787442
9.0,0.5676923076923077,56.769230769230774,FCFS,18,0.99,0.5419776520023073,0.577573518388084,539.9480714966573
9.0,0.5676923076923077,56.769230769230774,FCFS,19,0.983,0.5240517324133441,0.5419704375435869,518.2393051179313
9.0,0.5676923076923077,56.769230769230774,FCFS,20,0.994,0.4991647944743219,0.5267334264486465,498.6781392045001
9.0,0.5676923076923077,56.769230769230774,FCFS,21,0.988,0.5313027096308302,0.5513522276811541,526.960330488648
9.0,0.5676923076923077,56.769230769230774,FCFS,22,0.995,0.49679327146503394,0.5124225555617348,494.79475513798474
9.0,0.5676923076923077,56.769230769230774,FCFS,23,0.995,0.5178548195057239,0.5495676706196067,517.0142176492226
9.0,0.5676923076923077,56.769230769230774,FCFS,24,0.996,0.5218459661456389,0.5507560977873764,518.7841351835644
9.0,0.5676923076923077,56.769230769230774,FCFS,25,0.988,0.5841620086131967,0.5873523975928405,568.3057978361671
9.0,0.5676923076923077,56.769230769230774,FCFS,26,0.991,0.5219356384322208,0.5400022557887398,517.6127653335968
9.0,0.5676923076923077,56.769230769230774,FCFS,27,0.99,0.5221079347069987,0.561424849256492,519.0702292126376
9.0,0.5676923076923077,56.769230769230774,FCFS,28,0.994,0.5320323106640199,0.5625152399968781,530.7253876101619
9.0,0.5676923076923077,56.769230769230774,FCFS,29,0.989,0.5098392776910615,0.5431716237556486,505.1961730952021
9.0,0.5676923076923077,56.769230769230774,FCFS,30,0.987,0.5279221678701574,0.5448929568150297,522.4103450669312
9.0,0.5676923076923077,56.769230769230774,SJF,1,0.986,0.5385118415627944,0.551485230288925,532.3265618248935
9.0,0.5676923076923077,56.769230769230774,SJF,2,0.991,0.550845168687141,0.5714461619141936,546.7304702572586
9.0,0.5676923076923077,56.769230769230774,SJF,3,0.988,0.5808666731039281,0.6285439587839069,574.7177444159197
9.0,0.5676923076923077,56.769230769230774,SJF,4,0.986,0.5035612529789175,0.5291598993552282,495.23518283405565
9.0,0.5676923076923077,56.769230769230774,SJF,5,0.99,0.5241905024359775,0.5568106394192914,520.6698961283112
9.0,0.5676923076923077,56.769230769230774,SJF,6,0.993,0.5491272785665355,0.5369870608114469,547.0471882382162
9.0,0.5676923076923077,56.769230769230774,SJF,7,0.994,0.5407366554222511,0.5723807604862013,535.8548355838003
9.0,0.5676923076923077,56.769230769230774,SJF,8,0.992,0.5418116173937921,0.5634906228000388,537.6837292014811
9.0,0.5676923076923077,56.769230769230774,SJF,9,0.99,0.5264237368196903,0.5553213105784602,519.393879487296
9.0,0.5676923076923077,56.769230769230774,SJF,10,0.987,0.526676152004724,0.5599444114842865,523.1991276003268
9.0,0.5676923076923077,56.769230769230774,SJF,11,0.989,0.5570058008057956,0.5971887537942056,552.7251243237674
9.0,0.5676923076923077,56.769230769230774,SJF,12,0.991,0.5103259091131686,0.5557822500095791,508.600814542007
9.0,0.5676923076923077,56.769230769230774,SJF,13,0.994,0.5217133080203749,0.5397693023529453,520.3816377494907
9.0,0.5676923076923077,56.769230769230774,SJF,14,0.988,0.5564483220990515,0.5724959376345553,550.7119571522403
9.0,0.5676923076923077,56.769230769230774,SJF,15,0.996,0.5246307263379411,0.5534026386356286,522.745304894544
9.0,0.5676923076923077,56.769230769230774,SJF,16,0.994,0.5286304322511585,0.561799342761706,526.903035442341
9.0,0.5676923076923077,56.769230769230774,SJF,17,0.989,0.5506185724196048,0.5667059699167875,545.7953423103072
9.0,0.5676923076923077,56.769230769230774,SJF,18,0.991,0.5441063094856978,0.577573518388084,542.4469541800287
9.0,0.5676923076923077,56.769230769230774,SJF,19,0.983,0.5237803338608266,0.5419704375435868,518.289139590066
9.0,0.5676923076923077,56.769230769230774,SJF,20,0.994,0.4991647944743219,0.5267334264486465,498.6781392045001
9.0,0.5676923076923077,56.769230769230774,SJF,21,0.988,0.5324761965315575,0.5513522276811542,528.2546198750872
9.0,0.5676923076923077,56.769230769230774,SJF,22,0.995,0.4961332020790621,0.5124225555617348,494.43463956006514
9.0,0.5676923076923077,56.769230769230774,SJF,23,0.995,0.5176559089253725,0.5495676706196067,516.7958251793726
9.0,0.5676923076923077,56.769230769230774,SJF,24,0.996,0.5223557810774185,0.5507560977873763,519.553421588829
9.0,0.5676923076923077,56.769230769230774,SJF,25,0.992,0.5823780253144308,0.5873523975928405,569.1370095877985
9.0,0.5676923076923077,56.769230769230774,SJF,26,0.992,0.5222114769546629,0.5400022557887398,518.3175090714499
9.0,0.5676923076923077,56.769230769230774,SJF,27,0.992,0.5218214928316758,0.561424849256492,518.3799823215627
9.0,0.5676923076923077,56.769230769230774,SJF,28,0.994,0.5326110908659153,0.5625152399968781,531.3041678120574
9.0,0.5676923076923077,56.769230769230774,SJF,29,0.988,0.5093762622394412,0.5431716237556488,504.90793528065626
9.0,0.5676923076923077,56.769230769230774,SJF,30,0.991,0.5250343633338708,0.5448929568150297,520.4651874672827
9.0,0.5676923076923077,56.769230769230774,EDF,1,0.986,0.53786495302475,0.551485230288925,531.9996755424439
9.0,0.5676923076923077,56.769230769230774,EDF,2,0.992,0.550366853638441,0.5714461619141936,546.0182069903964
9.0,0.5676923076923077,56.769230769230774,EDF,3,0.987,0.5807415536460716,0.6285439587839069,574.6572341931775
9.0,0.5676923076923077,56.769230769230774,EDF,4,0.986,0.5078983310005204,0.5291598993552283,499.2219882473897
9.0,0.5676923076923077,56.769230769230774,EDF,5,0.991,0.5239958603923474,0.5568106394192914,520.1695397032817
9.0,0.5676923076923077,56.769230769230774,EDF,6,0.993,0.5492667332342968,0.5369870608114469,547.1866429059775
9.0,0.5676923076923077,56.769230769230774,EDF,7,0.993,0.5402382533483879,0.5723807604862013,535.7336899198021
9.0,0.5676923076923077,56.769230769230774,EDF,8,0.992,0.5418294957982778,0.5634906228000388,537.7016076059667
9.0,0.5676923076923077,56.769230769230774,EDF,9,0.99,0.5269310729989489,0.5553213105784602,519.7738075143449
9.0,0.5676923076923077,56.769230769230774,EDF,10,0.99,0.5254042705150619,0.5599444114842865,521.7627761273897
9.0,0.5676923076923077,56.769230769230774,EDF,11,0.988,0.5568081593513361,0.5971887537942056,552.5463956490133
9.0,0.5676923076923077,56.769230769230774,EDF,12,0.991,0.5104260999155997,0.5557822500095791,508.6996498682191
9.0,0.5676923076923077,56.769230769230774,EDF,13,0.994,0.521835406007484,0.5397693023529453,520.5059936915419
9.0,0.5676923076923077,56.769230769230774,EDF,14,0.988,0.5559171076871618,0.5724959376345553,550.1107315903638
9.0,0.5676923076923077,56.769230769230774,EDF,15,0.996,0.5246307263379411,0.5534026386356286,522.745304894544
9.0,0.5676923076923077,56.769230769230774,EDF,16,0.994,0.5288769549296619,0.5617993427617061,527.0780112113706
9.0,0.5676923076923077,56.769230769230774,EDF,17,0.989,0.5508918059349367,0.5667059699167875,545.9629342946179
9.0,0.5676923076923077,56.769230769230774,EDF,18,0.991,0.5435371368722446,0.577573518388084,541.8782222962781
9.0,0.5676923076923077,56.769230769230774,EDF,19,0.983,0.5239237205798453,0.5419704375435868,518.5506326665314
9.0,0.5676923076923077,56.769230769230774,EDF,20,0.994,0.4991647944743219,0.5267334264486465,498.6781392045001
9.0,0.5676923076923077,56.769230769230774,EDF,21,0.988,0.5313729332360704,0.5513522276811541,527.3194671598534
9.0,0.5676923076923077,56.769230769230774,EDF,22,0.995,0.4967167395734891,0.5124225555617348,495.0346950628276
9.0,0.5676923076923077,56.769230769230774,EDF,23,0.995,0.5176559089253725,0.5495676706196067,516.7958251793726
9.0,0.5676923076923077,56.769230769230774,EDF,24,0.996,0.5242850674508172,0.5507560977873764,521.3345760922521
9.0,0.5676923076923077,56.769230769230774,EDF,25,0.992,0.5805405084653866,0.5873523975928405,567.3616583661599
9.0,0.5676923076923077,56.769230769230774,EDF,26,0.993,0.522180024400625,0.5400022557887398,518.286056517412
9.0,0.5676923076923077,56.769230769230774,EDF,27,0.992,0.5218668044903816,0.561424849256492,518.9766915283242
9.0,0.5676923076923077,56.769230769230774,EDF,28,0.994,0.5326110908659153,0.5625152399968781,531.3041678120574
9.0,0.5676923076923077,56.769230769230774,EDF,29,0.989,0.5092302464596776,0.5431716237556486,504.7043185869921
9.0,0.5676923076923077,56.769230769230774,EDF,30,0.991,0.5231245065115567,0.5448929568150296,518.6739837876501
9.0,0.5676923076923077,56.769230769230774,AHDETS,1,0.995,0.637623851662493,0.5398122451833117,627.0016096721364
9.0,0.5676923076923077,56.769230769230774,AHDETS,2,0.995,0.6419840116660428,0.5728506036183646,635.1753456903125
9.0,0.5676923076923077,56.769230769230774,AHDETS,3,0.99,0.6630574208622432,0.6270774829295759,650.7866282388035
9.0,0.5676923076923077,56.769230769230774,AHDETS,4,0.997,0.6092217826085057,0.5294916071926388,597.8117238025226
9.0,0.5676923076923077,56.769230769230774,AHDETS,5,0.995,0.6173380078159948,0.5544262899795855,611.6171540495627
9.0,0.5676923076923077,56.769230769230774,AHDETS,6,0.998,0.6569073818898061,0.532809015871509,651.5644504618208
9.0,0.5676923076923077,56.769230769230774,AHDETS,7,0.994,0.6297690666797384,0.5723807604862012,622.1413590625089
9.0,0.5676923076923077,56.769230769230774,AHDETS,8,0.994,0.6257670028361907,0.5696313528722766,617.1256768055562
9.0,0.5676923076923077,56.769230769230774,AHDETS,9,0.994,0.6210916755069217,0.5563565446360134,611.9253669287683
9.0,0.5676923076923077,56.769230769230774,AHDETS,10,0.989,0.6241774524825039,0.5604072745646854,618.1285673222638
9.0,0.5676923076923077,56.769230769230774,AHDETS,11,0.993,0.6333512960739178,0.5950439665598688,626.3783059777813
9.0,0.5676923076923077,56.769230769230774,AHDETS,12,0.995,0.6101286506520033,0.5555197319554865,604.997846671563
9.0,0.5676923076923077,56.769230769230774,AHDETS,13,0.996,0.6195221961143844,0.5440050864702646,617.799959017604
9.0,0.5676923076923077,56.769230769230774,AHDETS,14,0.997,0.6454092225500444,0.5716430714624103,637.7076799345972
9.0,0.5676923076923077,56.769230769230774,AHDETS,15,0.995,0.6361522949964874,0.5457962440457141,631.0500272336403
9.0,0.5676923076923077,56.769230769230774,AHDETS,16,0.994,0.6389967596145978,0.5630589894124863,634.7705626198787
9.0,0.5676923076923077,56.769230769230774,AHDETS,17,0.995,0.6372471835168644,0.5714237300066012,626.611506994655
9.0,0.5676923076923077,56.769230769230774,AHDETS,18,0.996,0.6430627378482381,0.5796949789993688,638.4526392844148
9.0,0.5676923076923077,56.769230769230774,AHDETS,19,0.993,0.6169288548283015,0.5425990821195962,609.6328255131075
9.0,0.5676923076923077,56.769230769230774,AHDETS,20,0.997,0.6171126740054633,0.5216275376255326,613.6090669303974
9.0,0.5676923076923077,56.769230769230774,AHDETS,21,0.994,0.637886561570677,0.55384187652565,627.4982257500455
9.0,0.5676923076923077,56.769230769230774,AHDETS,22,0.995,0.600873960706003,0.5118874370397533,598.5492510013852
9.0,0.5676923076923077,56.769230769230774,AHDETS,23,0.997,0.6209887680343416,0.5422056129823698,619.2185950075158
9.0,0.5676923076923077,56.769230769230774,AHDETS,24,0.999,0.6257452952508313,0.5462854430580775,621.6675463094997
9.0,0.5676923076923077,56.769230769230774,AHDETS,25,0.992,0.6601545869914087,0.583292841882134,641.891999029066
9.0,0.5676923076923077,56.769230769230774,AHDETS,26,0.994,0.6144365692558614,0.5378439543306004,608.6332013357055
9.0,0.5676923076923077,56.769230769230774,AHDETS,27,0.994,0.6186137061987659,0.5618901897833203,612.4970607154565
9.0,0.5676923076923077,56.769230769230774,AHDETS,28,0.991,0.62805651242073,0.561425506025377,622.3564802749426
9.0,0.5676923076923077,56.769230769230774,AHDETS,29,0.997,0.6192101319341715,0.5330383081944781,612.551178762616
9.0,0.5676923076923077,56.769230769230774,AHDETS,30,0.992,0.6212514303975047,0.5405454919852457,613.3023169079898
12.0,0.7569230769230769,75.6923076923077,FCFS,1,0.964,0.6417532634197958,0.7344061595513587,589.2075778119606
12.0,0.7569230769230769,75.6923076923077,FCFS,2,0.967,0.6556161769237557,0.7617840115631275,607.2869476157905
12.0,0.7569230769230769,75.6923076923077,FCFS,3,0.939,0.7546141180777394,0.8175524692755335,634.1308020590637
12.0,0.7569230769230769,75.6923076923077,FCFS,4,0.971,0.5992597505050063,0.7034536456177172,548.909421422781
12.0,0.7569230769230769,75.6923076923077,FCFS,5,0.966,0.6269815563795893,0.7349684780177786,582.3618110697267
12.0,0.7569230769230769,75.6923076923077,FCFS,6,0.982,0.6371652855809582,0.70693127456767,607.7654825530233
12.0,0.7569230769230769,75.6923076923077,FCFS,7,0.952,0.6771838287403786,0.7527561170099716,594.6945523793062
12.0,0.7569230769230769,75.6923076923077,FCFS,8,0.961,0.6567815880672094,0.7564612003194181,585.8350539550951
12.0,0.7569230769230769,75.6923076923077,FCFS,9,0.96,0.6310170642936623,0.7365611802571348,585.4252329202295
12.0,0.7569230769230769,75.6923076923077,FCFS,10,0.967,0.6251005542386049,0.7400498498775062,585.3606922930729
12.0,0.7569230769230769,75.6923076923077,FCFS,11,0.963,0.6515496803008071,0.7828321127575568,600.5003011955048
12.0,0.7569230769230769,75.6923076923077,FCFS,12,0.983,0.5995995361381391,0.739032511365113,572.151323630868
12.0,0.7569230769230769,75.6923076923077,FCFS,13,0.974,0.6001511211389233,0.7144727744051864,579.0776317192106
12.0,0.7569230769230769,75.6923076923077,FCFS,14,0.974,0.6509279333484351,0.7605768903521495,607.7832352801978
12.0,0.7569230769230769,75.6923076923077,FCFS,15,0.978,0.6217357156495285,0.7299480826489697,594.72751660204
12.0,0.7569230769230769,75.6923076923077,FCFS,16,0.971,0.6292157221823175,0.7472084388593442,596.6755948700611
12.0,0.7569230769230769,75.6923076923077,FCFS,17,0.955,0.6602482792022762,0.7486329635893303,598.094392801737
12.0,0.7569230769230769,75.6923076923077,FCFS,18,0.967,0.6555351010771044,0.758855577317972,616.571153669121
12.0,0.7569230769230769,75.6923076923077,FCFS,19,0.973,0.6164235361417862,0.7178265112197052,579.6391688230636
12.0,0.7569230769230769,75.6923076923077,FCFS,20,0.974,0.58274340596796,0.6888262484144507,569.5924740258881
12.0,0.7569230769230769,75.6923076923077,FCFS,21,0.976,0.6449888146501649,0.7313391738328908,589.8487424687216
12.0,0.7569230769230769,75.6923076923077,FCFS,22,0.979,0.5797310543254405,0.681680457751195,556.8671972368452
12.0,0.7569230769230769,75.6923076923077,FCFS,23,0.975,0.5997471362482036,0.7157026189978938,580.8245356948752
12.0,0.7569230769230769,75.6923076923077,FCFS,24,0.971,0.6202218664765013,0.724660265367103,587.0070840305067
12.0,0.7569230769230769,75.6923076923077,FCFS,25,0.949,0.7297586714775746,0.7730104671787735,623.8151612360343
12.0,0.7569230769230769,75.6923076923077,FCFS,26,0.974,0.6056440439046239,0.7182017233793309,570.9943534619965
12.0,0.7569230769230769,75.6923076923077,FCFS,27,0.97,0.6248761977005073,0.7386105428161202,583.648278515944
12.0,0.7569230769230769,75.6923076923077,FCFS,28,0.964,0.636722911173256,0.7495353674693347,583.4242870282853
12.0,0.7569230769230769,75.6923076923077,FCFS,29,0.965,0.6132620153812165,0.7107267015369331,573.6112674546606
12.0,0.7569230769230769,75.6923076923077,FCFS,30,0.967,0.6311601463804406,0.7254771486800873,582.4735034139584
12.0,0.7569230769230769,75.6923076923077,SJF,1,0.978,0.6320629605701824,0.7344061595513588,591.3923657593871
12.0,0.7569230769230769,75.6923076923077,SJF,2,0.977,0.6410986422066162,0.7617840115631275,604.1092622974871
12.0,0.7569230769230769,75.6923076923077,SJF,3,0.971,0.7283711381682662,0.8173830439477525,635.9656056077165
12.0,0.7569230769230769,75.6923076923077,SJF,4,0.978,0.587894332458722,0.7034536456177172,549.7026750705877
12.0,0.7569230769230769,75.6923076923077,SJF,5,0.977,0.6163641102296762,0.7349684780177788,582.4984758008453
12.0,0.7569230769230769,75.6923076923077,SJF,6,0.988,0.6312230774139542,0.706632961218075,606.4254329344628
12.0,0.7569230769230769,75.6923076923077,SJF,7,0.979,0.6563771678459742,0.750243695808142,598.0691399941334
12.0,0.7569230769230769,75.6923076923077,SJF,8,0.983,0.6428302774492829,0.7558640734869777,589.1779411509726
12.0,0.7569230769230769,75.6923076923077,SJF,9,0.979,0.6200739188695722,0.7365611802571349,585.577926213871
12.0,0.7569230769230769,75.6923076923077,SJF,10,0.978,0.6179013938254023,0.7400498498775062,585.4562547400732
12.0,0.7569230769230769,75.6923076923077,SJF,11,0.975,0.6521314725077858,0.7828321127575568,607.6596011845544
12.0,0.7569230769230769,75.6923076923077,SJF,12,0.987,0.5986343504824877,0.7390325113651132,575.3565207301011
12.0,0.7569230769230769,75.6923076923077,SJF,13,0.981,0.6039260103262308,0.7104134004979421,582.9269000639429
12.0,0.7569230769230769,75.6923076923077,SJF,14,0.975,0.6496074658546568,0.7623501123722536,611.4876646675878
12.0,0.7569230769230769,75.6923076923077,SJF,15,0.987,0.6111783222061269,0.7299480826489697,590.7696636708703
12.0,0.7569230769230769,75.6923076923077,SJF,16,0.979,0.6249540779763456,0.7472084388593443,598.4361801663938
12.0,0.7569230769230769,75.6923076923077,SJF,17,0.973,0.6438240372863411,0.7486329635893302,595.7312191012054
12.0,0.7569230769230769,75.6923076923077,SJF,18,0.978,0.6494129404285205,0.758855577317972,615.933526949991
12.0,0.7569230769230769,75.6923076923077,SJF,19,0.98,0.6127838633286917,0.7106010273199739,580.6409753461392
12.0,0.7569230769230769,75.6923076923077,SJF,20,0.981,0.5804434577907973,0.6888262484144508,568.6139309276114
12.0,0.7569230769230769,75.6923076923077,SJF,21,0.977,0.6319374170353128,0.7317278318562846,591.8061663960838
12.0,0.7569230769230769,75.6923076923077,SJF,22,0.981,0.5736998322894756,0.681680457751195,555.8109804696932
12.0,0.7569230769230769,75.6923076923077,SJF,23,0.981,0.5979267014070964,0.7251304877875598,581.4201057223021
12.0,0.7569230769230769,75.6923076923077,SJF,24,0.978,0.6148367541030062,0.7201314067166172,589.7847587370234
12.0,0.7569230769230769,75.6923076923077,SJF,25,0.974,0.7067063493103012,0.7758764546408696,622.0792472059375
12.0,0.7569230769230769,75.6923076923077,SJF,26,0.986,0.6002961620746622,0.7182017233793309,569.3437700422386
12.0,0.7569230769230769,75.6923076923077,SJF,27,0.979,0.6163655031173588,0.7386105428161203,582.7287034118464
12.0,0.7569230769230769,75.6923076923077,SJF,28,0.983,0.6338412046396187,0.7441659882470509,591.8786231132666
12.0,0.7569230769230769,75.6923076923077,SJF,29,0.979,0.6089808228285677,0.7168264244767137,576.8346982175698
12.0,0.7569230769230769,75.6923076923077,SJF,30,0.978,0.6202645200353765,0.7244612058290205,586.9922908890683
12.0,0.7569230769230769,75.6923076923077,EDF,1,0.981,0.6272772569764101,0.7344061595513586,585.1529340711004
12.0,0.7569230769230769,75.6923076923077,EDF,2,0.981,0.6429825319311389,0.7617840115631275,603.7610852989612
12.0,0.7569230769230769,75.6923076923077,EDF,3,0.97,0.7319825605043095,0.806726581752447,638.0920090320864
12.0,0.7569230769230769,75.6923076923077,EDF,4,0.979,0.5993678916731732,0.6972552280739227,560.4561697277171
12.0,0.7569230769230769,75.6923076923077,EDF,5,0.98,0.6145906609103887,0.7349684780177788,579.7904462839871
12.0,0.7569230769230769,75.6923076923077,EDF,6,0.982,0.6330979643526649,0.708409062683747,607.0872122055207
12.0,0.7569230769230769,75.6923076923077,EDF,7,0.988,0.6567578802726649,0.7535114213197066,594.9875309674121
12.0,0.7569230769230769,75.6923076923077,EDF,8,0.973,0.6423190715539224,0.7564612003194181,587.6500745437397
12.0,0.7569230769230769,75.6923076923077,EDF,9,0.979,0.6210353327223995,0.7365611802571349,584.1764352071706
12.0,0.7569230769230769,75.6923076923077,EDF,10,0.977,0.6208742845261942,0.7400498498775062,588.0811970694429
12.0,0.7569230769230769,75.6923076923077,EDF,11,0.978,0.6511938010130605,0.7828321127575568,607.1482133197462
12.0,0.7569230769230769,75.6923076923077,EDF,12,0.988,0.59621432528404,0.7390325113651132,572.6665736115605
12.0,0.7569230769230769,75.6923076923077,EDF,13,0.982,0.5972528919064821,0.716963618512079,578.8211419662418
12.0,0.7569230769230769,75.6923076923077,EDF,14,0.977,0.6500160498051716,0.7623501123722535,612.979719529032
12.0,0.7569230769230769,75.6923076923077,EDF,15,0.984,0.6138460055451468,0.7344284714718552,593.019283013039
12.0,0.7569230769230769,75.6923076923077,EDF,16,0.978,0.6239856833748372,0.7472084388593442,596.6683678173049
12.0,0.7569230769230769,75.6923076923077,EDF,17,0.976,0.6419152551749661,0.7486329635893302,594.1159911754019
12.0,0.7569230769230769,75.6923076923077,EDF,18,0.981,0.6487021207913187,0.7588555773179723,616.6187786396862
12.0,0.7569230769230769,75.6923076923077,EDF,19,0.98,0.6083721009695505,0.7172544376949873,575.0331698695475
12.0,0.7569230769230769,75.6923076923077,EDF,20,0.981,0.5825847616889837,0.6888262484144507,570.4197513265489
12.0,0.7569230769230769,75.6923076923077,EDF,21,0.985,0.6354116991420192,0.7144388529857858,593.4424276275048
12.0,0.7569230769230769,75.6923076923077,EDF,22,0.983,0.5710474795173025,0.681680457751195,552.7349087071827
12.0,0.7569230769230769,75.6923076923077,EDF,23,0.975,0.5994529963994366,0.7295498642052014,581.6005052113084
12.0,0.7569230769230769,75.6923076923077,EDF,24,0.982,0.6137321029790492,0.7192980733250953,589.285280374407
12.0,0.7569230769230769,75.6923076923077,EDF,25,0.984,0.7033061990944195,0.7720968745529837,621.8949619743818
12.0,0.7569230769230769,75.6923076923077,EDF,26,0.984,0.598645036699158,0.7182017233793309,568.7274957068797
12.0,0.7569230769230769,75.6923076923077,EDF,27,0.982,0.6162798485598378,0.7386105428161203,583.242859377224
12.0,0.7569230769230769,75.6923076923077,EDF,28,0.985,0.6305199477546001,0.7495353674693347,587.390799844741
12.0,0.7569230769230769,75.6923076923077,EDF,29,0.981,0.6066428179664879,0.7168264244767137,572.5848934402762
12.0,0.7569230769230769,75.6923076923077,EDF,30,0.986,0.6216074392521622,0.7244612058290206,584.4270803395341
12.0,0.7569230769230769,75.6923076923077,AHDETS,1,0.989,0.6768231096775047,0.7320828902117049,625.6198029827232
12.0,0.7569230769230769,75.6923076923077,AHDETS,2,0.982,0.6886892244181413,0.7454177188940242,637.7015796965528
12.0,0.7569230769230769,75.6923076923077,AHDETS,3,0.988,0.7752010695866066,0.8252382142989568,657.3971332950658
12.0,0.7569230769230769,75.6923076923077,AHDETS,4,0.987,0.6468739691534552,0.7003988302581625,598.7135276861633
12.0,0.7569230769230769,75.6923076923077,AHDETS,5,0.989,0.6486174015866756,0.7349684780177788,611.5793849112832
12.0,0.7569230769230769,75.6923076923077,AHDETS,6,0.988,0.6807370687060554,0.711477466064265,651.3654759609304
12.0,0.7569230769230769,75.6923076923077,AHDETS,7,0.989,0.6906187286169856,0.7551383040445626,623.9915555394286
12.0,0.7569230769230769,75.6923076923077,AHDETS,8,0.986,0.6795422792947636,0.7565151407513865,616.0611758090247
12.0,0.7569230769230769,75.6923076923077,AHDETS,9,0.985,0.6572670166733297,0.7382268630753153,612.7434688733903
12.0,0.7569230769230769,75.6923076923077,AHDETS,10,0.982,0.6544144696100104,0.7346845630659852,619.4232203972182
12.0,0.7569230769230769,75.6923076923077,AHDETS,11,0.983,0.6810706905045301,0.7635164274015906,630.4148580468135
12.0,0.7569230769230769,75.6923076923077,AHDETS,12,0.994,0.6407843399196577,0.737526484533463,605.7496385492948
12.0,0.7569230769230769,75.6923076923077,AHDETS,13,0.991,0.6453020332435855,0.7101657242756622,622.09181596503
12.0,0.7569230769230769,75.6923076923077,AHDETS,14,0.987,0.6814265480329286,0.7534220066385561,637.8996538396352
12.0,0.7569230769230769,75.6923076923077,AHDETS,15,0.995,0.6610222820945371,0.7321092877224157,629.905744641552
12.0,0.7569230769230769,75.6923076923077,AHDETS,16,0.99,0.6709580764659522,0.7442557592716575,636.8498611250642
12.0,0.7569230769230769,75.6923076923077,AHDETS,17,0.989,0.6778550988075639,0.7486329635893302,626.8215071681749
12.0,0.7569230769230769,75.6923076923077,AHDETS,18,0.992,0.6780193730934738,0.763652401498747,639.2334472968116
12.0,0.7569230769230769,75.6923076923077,AHDETS,19,0.988,0.646303922852523,0.708583818270589,612.5299590772444
12.0,0.7569230769230769,75.6923076923077,AHDETS,20,0.983,0.6305912097791767,0.6902168247168645,613.3553220326999
12.0,0.7569230769230769,75.6923076923077,AHDETS,21,0.993,0.6825971351981847,0.7241413850430043,628.3777394747088
12.0,0.7569230769230769,75.6923076923077,AHDETS,22,0.99,0.6247648448438982,0.6779262972532109,600.3862787313116
12.0,0.7569230769230769,75.6923076923077,AHDETS,23,0.987,0.6446486840882273,0.7282130772063092,618.0969627990031
12.0,0.7569230769230769,75.6923076923077,AHDETS,24,0.988,0.6522725336948837,0.7235871636252973,619.9519091338946
12.0,0.7569230769230769,75.6923076923077,AHDETS,25,0.988,0.738785265372585,0.7785490866795729,641.7738904398041
12.0,0.7569230769230769,75.6923076923077,AHDETS,26,0.99,0.6433538670731602,0.7174366134377812,609.0869123088869
12.0,0.7569230769230769,75.6923076923077,AHDETS,27,0.988,0.6525865607288618,0.7466504168764694,615.5099420088186
12.0,0.7569230769230769,75.6923076923077,AHDETS,28,0.992,0.6759456237833278,0.7448860795377356,622.8469738011705
12.0,0.7569230769230769,75.6923076923077,AHDETS,29,0.992,0.6470750711874429,0.7161484929471171,612.4233957457194
12.0,0.7569230769230769,75.6923076923077,AHDETS,30,0.992,0.6582067467648607,0.7247809604079665,613.6414473160684
15.0,0.9461538461538461,94.61538461538461,FCFS,1,0.862,0.9083232557840564,0.9122578470084306,620.8964481862721
15.0,0.9461538461538461,94.61538461538461,FCFS,2,0.798,1.098378793858163,0.9343219361470319,634.8807481589538
15.0,0.9461538461538461,94.61538461538461,FCFS,3,0.493,2.3888007956308357,0.9698134994189512,647.9311490941006
15.0,0.9461538461538461,94.61538461538461,FCFS,4,0.869,0.8309321845669405,0.8767164230543973,584.9460416744832
15.0,0.9461538461538461,94.61538461538461,FCFS,5,0.833,0.9777467485281105,0.9107819675792775,607.9916539047532
15.0,0.9461538461538461,94.61538461538461,FCFS,6,0.921,0.8225934232010969,0.8800822046918436,642.7454576296899
15.0,0.9461538461538461,94.61538461538461,FCFS,7,0.815,1.0816423701364417,0.9234066152616868,619.0942810346198
15.0,0.9461538461538461,94.61538461538461,FCFS,8,0.767,1.153247445407134,0.9388553494206737,610.8451969101671
15.0,0.9461538461538461,94.61538461538461,FCFS,9,0.85,0.9614264563551331,0.9108639242818096,607.9347650250685
15.0,0.9461538461538461,94.61538461538461,FCFS,10,0.863,0.9331299905171981,0.9135008436890079,618.1509459667756
15.0,0.9461538461538461,94.61538461538461,FCFS,11,0.759,1.196137761218431,0.9316110949340752,626.0198979499521
15.0,0.9461538461538461,94.61538461538461,FCFS,12,0.894,0.8395119847957344,0.9145752747356671,604.7672590912398
15.0,0.9461538461538461,94.61538461538461,FCFS,13,0.902,0.821838492990893,0.8814900388753882,614.6677189650209
15.0,0.9461538461538461,94.61538461538461,FCFS,14,0.819,1.0645204888453101,0.9310658997855816,636.4103051209612
15.0,0.9461538461538461,94.61538461538461,FCFS,15,0.914,0.8551689132718219,0.9068042754991169,624.9041357267747
15.0,0.9461538461538461,94.61538461538461,FCFS,16,0.817,1.086336641196345,0.9288329588416908,630.1084177478649
15.0,0.9461538461538461,94.61538461538461,FCFS,17,0.819,1.0701153864137494,0.9183079516538255,623.58405178313
15.0,0.9461538461538461,94.61538461538461,FCFS,18,0.829,1.0621636591897359,0.9379200303204119,640.0400399105071
15.0,0.9461538461538461,94.61538461538461,FCFS,19,0.903,0.8372539216007642,0.8845030870231116,604.9713571099687
15.0,0.9461538461538461,94.61538461538461,FCFS,20,0.932,0.7320198687799907,0.8490831807119081,606.9556717679725
15.0,0.9461538461538461,94.61538461538461,FCFS,21,0.781,1.1864380648555197,0.8953193444931274,617.7477958532627
15.0,0.9461538461538461,94.61538461538461,FCFS,22,0.94,0.7198116430486705,0.8500953082019306,588.5440003197571
15.0,0.9461538461538461,94.61538461538461,FCFS,23,0.918,0.7894658208203948,0.886940350953071,611.0219857769815
15.0,0.9461538461538461,94.61538461538461,FCFS,24,0.918,0.7790755580686303,0.8864919451495374,613.0624081212355
15.0,0.9461538461538461,94.61538461538461,FCFS,25,0.735,1.2825388232953194,0.9218764840500947,637.623071728572
15.0,0.9461538461538461,94.61538461538461,FCFS,26,0.898,0.8221030629593086,0.8877466629196404,600.9682484061823
15.0,0.9461538461538461,94.61538461538461,FCFS,27,0.833,1.0270925301440434,0.8897430230679779,609.3944966574676
15.0,0.9461538461538461,94.61538461538461,FCFS,28,0.842,1.0187578007392168,0.9279372352370907,618.0933897064382
15.0,0.9461538461538461,94.61538461538461,FCFS,29,0.88,0.8753460415340005,0.8867517538789597,607.7622029169523
15.0,0.9461538461538461,94.61538461538461,FCFS,30,0.876,0.890626377380791,0.8734730269407549,608.9424631209071
15.0,0.9461538461538461,94.61538461538461,SJF,1,0.953,0.8122092914598376,0.9033828539692134,622.117123400088
15.0,0.9461538461538461,94.61538461538461,SJF,2,0.927,0.9379285027149411,0.935875112601586,634.2558324074027
15.0,0.9461538461538461,94.61538461538461,SJF,3,0.886,1.6912551682104802,0.9619733300891478,648.7929311984363
15.0,0.9461538461538461,94.61538461538461,SJF,4,0.955,0.7478666726601367,0.8620460496461047,584.3177669727978
15.0,0.9461538461538461,94.61538461538461,SJF,5,0.953,0.8333318419899668,0.9212251336199084,605.1082728125987
15.0,0.9461538461538461,94.61538461538461,SJF,6,0.968,0.7685541100826145,0.8487193259452982,640.4977529070931
15.0,0.9461538461538461,94.61538461538461,SJF,7,0.937,0.8899849391277456,0.9271517641997186,618.3704767719914
15.0,0.9461538461538461,94.61538461538461,SJF,8,0.935,0.9622744511787221,0.9428026500616489,610.7671100525696
15.0,0.9461538461538461,94.61538461538461,SJF,9,0.955,0.8403945415480423,0.9023367225366251,608.5822490040563
15.0,0.9461538461538461,94.61538461538461,SJF,10,0.953,0.8249605524625051,0.9044449818716741,618.6943625809437
15.0,0.9461538461538461,94.61538461538461,SJF,11,0.95,0.9787129424237969,0.9504781913900787,625.0349589688719
15.0,0.9461538461538461,94.61538461538461,SJF,12,0.954,0.7704808112791698,0.914575274735667,600.5335509555975
15.0,0.9461538461538461,94.61538461538461,SJF,13,0.966,0.7545883047861817,0.8725197487749475,613.7103421207472
15.0,0.9461538461538461,94.61538461538461,SJF,14,0.938,0.9267367620189249,0.9310658997855815,636.7898833460617
15.0,0.9461538461538461,94.61538461538461,SJF,15,0.961,0.7822802436174837,0.9059826509582066,624.5973551352554
15.0,0.9461538461538461,94.61538461538461,SJF,16,0.955,0.9256750169321305,0.9134621982920162,631.6114294717335
15.0,0.9461538461538461,94.61538461538461,SJF,17,0.947,0.9221051417870587,0.9431695179739154,622.9439995304737
15.0,0.9461538461538461,94.61538461538461,SJF,18,0.942,0.9146427904490222,0.9485760104008555,638.8190006858222
15.0,0.9461538461538461,94.61538461538461,SJF,19,0.961,0.7760229044414206,0.866648833225182,608.1465016418107
15.0,0.9461538461538461,94.61538461538461,SJF,20,0.967,0.6925665182644881,0.8680657630809139,606.1441695717012
15.0,0.9461538461538461,94.61538461538461,SJF,21,0.941,0.9712630643775818,0.886890790165512,619.9924411419556
15.0,0.9461538461538461,94.61538461538461,SJF,22,0.981,0.685788788884107,0.8500953082019307,588.5026438515779
15.0,0.9461538461538461,94.61538461538461,SJF,23,0.958,0.7348206285755828,0.8681387090034782,611.69591081266
15.0,0.9461538461538461,94.61538461538461,SJF,24,0.96,0.7352531282236118,0.8980270586820792,615.3096381008555
15.0,0.9461538461538461,94.61538461538461,SJF,25,0.936,1.0328287219503867,0.9423635679317851,635.5977254005595
15.0,0.9461538461538461,94.61538461538461,SJF,26,0.966,0.7556906268565726,0.8970041205553021,599.9457780885687
15.0,0.9461538461538461,94.61538461538461,SJF,27,0.945,0.874223879148615,0.9295321913280242,607.6005626768206
15.0,0.9461538461538461,94.61538461538461,SJF,28,0.938,0.8763149466394058,0.934542650810116,617.983133769457
15.0,0.9461538461538461,94.61538461538461,SJF,29,0.964,0.7746052206047,0.8773938280636622,606.082519190562
15.0,0.9461538461538461,94.61538461538461,SJF,30,0.958,0.7960643355492619,0.8891078393028488,611.3537149302412
15.0,0.9461538461538461,94.61538461538461,EDF,1,0.972,0.8187519907569185,0.9062940414787081,621.8766842416525
15.0,0.9461538461538461,94.61538461538461,EDF,2,0.957,0.9678631951482293,0.9197499778814224,636.5976849823736
15.0,0.9461538461538461,94.61538461538461,EDF,3,0.666,1.978486430955087,0.9732255653065017,648.9530930256893
15.0,0.9461538461538461,94.61538461538461,EDF,4,0.976,0.7576260559870497,0.8745609501453818,584.4021489649527
15.0,0.9461538461538461,94.61538461538461,EDF,5,0.964,0.8546816312253379,0.9187105975222232,606.1174015799534
15.0,0.9461538461538461,94.61538461538461,EDF,6,0.97,0.7816186181071075,0.8684396770422784,642.7409889854274
15.0,0.9461538461538461,94.61538461538461,EDF,7,0.962,0.923800515532619,0.9200085086525057,618.135715900106
15.0,0.9461538461538461,94.61538461538461,EDF,8,0.952,0.9989610530790242,0.9439468649726471,609.8653098360928
15.0,0.9461538461538461,94.61538461538461,EDF,9,0.962,0.8538886641583716,0.9131135190427083,605.384256001864
15.0,0.9461538461538461,94.61538461538461,EDF,10,0.965,0.842607360178482,0.9001996691476754,618.1896079145623
15.0,0.9461538461538461,94.61538461538461,EDF,11,0.962,1.0190111837023172,0.9525178603678826,627.1308348846823
15.0,0.9461538461538461,94.61538461538461,EDF,12,0.966,0.777214952098493,0.9145752747356669,603.2027268525829
15.0,0.9461538461538461,94.61538461538461,EDF,13,0.973,0.7616259149225694,0.8772124553150547,614.2397798594541
15.0,0.9461538461538461,94.61538461538461,EDF,14,0.966,0.9498828145610654,0.9427364099536958,635.8003248428219
15.0,0.9461538461538461,94.61538461538461,EDF,15,0.97,0.7960125114972496,0.9017838326474626,626.4290459441872
15.0,0.9461538461538461,94.61538461538461,EDF,16,0.973,0.9625472872464517,0.916586299216766,634.7155590063935
15.0,0.9461538461538461,94.61538461538461,EDF,17,0.965,0.9331768833929412,0.940850247326244,621.0834505378131
15.0,0.9461538461538461,94.61538461538461,EDF,18,0.968,0.9515498498026962,0.9286418401803836,640.6204080042521
15.0,0.9461538461538461,94.61538461538461,EDF,19,0.971,0.7850509546559021,0.8670563005449128,607.8322304052712
15.0,0.9461538461538461,94.61538461538461,EDF,20,0.976,0.6978620143990342,0.8760604802702409,602.6882203206966
15.0,0.9461538461538461,94.61538461538461,EDF,21,0.959,1.0398683306645629,0.8991637489709835,617.0801860282555
15.0,0.9461538461538461,94.61538461538461,EDF,22,0.979,0.6902155747456005,0.8500953082019307,590.0809175553279
15.0,0.9461538461538461,94.61538461538461,EDF,23,0.97,0.7419003836534308,0.8715618885628358,613.641595200248
15.0,0.9461538461538461,94.61538461538461,EDF,24,0.972,0.7475480024105295,0.8853776744942754,618.0827936291878
15.0,0.9461538461538461,94.61538461538461,EDF,25,0.959,1.0688550820709004,0.9389801560757551,636.2805335197485
15.0,0.9461538461538461,94.61538461538461,EDF,26,0.969,0.7620685048161628,0.890067053677779,601.5292949095005
15.0,0.9461538461538461,94.61538461538461,EDF,27,0.966,0.9285385184931506,0.9233917933801267,609.0847735111362
15.0,0.9461538461538461,94.61538461538461,EDF,28,0.96,0.8895126447778519,0.9339329697022424,618.0930787791578
15.0,0.9461538461538461,94.61538461538461,EDF,29,0.97,0.796493231085148,0.8690784065795677,608.2635046923525
15.0,0.9461538461538461,94.61538461538461,EDF,30,0.974,0.8043044320257532,0.8931905985447524,607.2855785212781
15.0,0.9461538461538461,94.61538461538461,AHDETS,1,0.985,0.8474812497877258,0.9099777423968395,628.6037977486628
15.0,0.9461538461538461,94.61538461538461,AHDETS,2,0.984,1.012460953351806,0.9437612427375092,638.7428568119335
15.0,0.9461538461538461,94.61538461538461,AHDETS,3,0.965,1.983237169327853,0.9612639132691964,651.6330631578459
15.0,0.9461538461538461,94.61538461538461,AHDETS,4,0.989,0.7836751071412247,0.8726965377536388,599.4073802833263
15.0,0.9461538461538461,94.61538461538461,AHDETS,5,0.992,0.9004663079004389,0.9122289973890326,612.0182713130575
15.0,0.9461538461538461,94.61538461538461,AHDETS,6,0.989,0.7965369485467729,0.8633171643585409,653.6242318483397
15.0,0.9461538461538461,94.61538461538461,AHDETS,7,0.989,0.956775820681112,0.9233065709154886,623.5849608320428
15.0,0.9461538461538461,94.61538461538461,AHDETS,8,0.986,1.0404882644436655,0.9209617979946818,618.7793999479553
15.0,0.9461538461538461,94.61538461538461,AHDETS,9,0.988,0.8845528879162038,0.9135236550082448,612.7414047349736
15.0,0.9461538461538461,94.61538461538461,AHDETS,10,0.99,0.8659588117289272,0.903018752009754,623.9826180709031
15.0,0.9461538461538461,94.61538461538461,AHDETS,11,0.985,1.0825654091954366,0.9586590053049101,626.661182576691
15.0,0.9461538461538461,94.61538461538461,AHDETS,12,0.993,0.7816111304129342,0.9145752747356671,608.0223931712641
15.0,0.9461538461538461,94.61538461538461,AHDETS,13,0.99,0.7925812309751649,0.8603487204680883,622.2941714822002
15.0,0.9461538461538461,94.61538461538461,AHDETS,14,0.995,0.9455256908687236,0.9481979236583208,636.5622580138962
15.0,0.9461538461538461,94.61538461538461,AHDETS,15,0.99,0.8239121348861442,0.9035903131637099,631.8620797340291
15.0,0.9461538461538461,94.61538461538461,AHDETS,16,0.987,0.9870845003157918,0.9231592132505517,637.3433140414536
15.0,0.9461538461538461,94.61538461538461,AHDETS,17,0.99,0.9634857637792396,0.9285573166968358,629.5695653877693
15.0,0.9461538461538461,94.61538461538461,AHDETS,18,0.989,0.9575723255768389,0.9299141614061509,642.3503198419065
15.0,0.9461538461538461,94.61538461538461,AHDETS,19,0.985,0.7977637414714959,0.883220854104545,611.9465665709396
15.0,0.9461538461538461,94.61538461538461,AHDETS,20,0.992,0.715392060210479,0.8631841872968415,613.8749423793463
15.0,0.9461538461538461,94.61538461538461,AHDETS,21,0.983,1.0484250428970567,0.8994803771375043,628.8116085290872
15.0,0.9461538461538461,94.61538461538461,AHDETS,22,0.995,0.7128247198023558,0.8487831216891776,602.4754125918518
15.0,0.9461538461538461,94.61538461538461,AHDETS,23,0.987,0.7621216432457497,0.8787297834148152,621.936344664061
15.0,0.9461538461538461,94.61538461538461,AHDETS,24,0.987,0.7666196358368839,0.8890945012597292,623.0576576185209
15.0,0.9461538461538461,94.61538461538461,AHDETS,25,0.992,1.1153332130829767,0.9457184787480726,639.6963333672038
15.0,0.9461538461538461,94.61538461538461,AHDETS,26,0.989,0.7844435420773116,0.8877577946475113,609.1208908170835
15.0,0.9461538461538461,94.61538461538461,AHDETS,27,0.989,0.9925658218778814,0.9126732714422442,616.6302721070847
15.0,0.9461538461538461,94.61538461538461,AHDETS,28,0.989,0.8970271017448687,0.9353459962650355,622.2759956589499
15.0,0.9461538461538461,94.61538461538461,AHDETS,29,0.99,0.8060663606541529,0.8726944871430061,614.6134439990426
15.0,0.9461538461538461,94.61538461538461,AHDETS,30,0.985,0.8293769169583781,0.898432292706824,614.2863043419263
18.0,1.1353846153846154,113.53846153846155,FCFS,1,0.181,4.199083282301064,0.9628642342595246,626.2184348360603
18.0,1.1353846153846154,113.53846153846155,FCFS,2,0.286,4.270774318491593,0.9818523951296868,636.175787315845
18.0,1.1353846153846154,113.53846153846155,FCFS,3,0.186,6.814061376915335,0.9814958276819455,650.1565564229047
18.0,1.1353846153846154,113.53846153846155,FCFS,4,0.278,2.957579452230612,0.970842726838942,598.612302774585
18.0,1.1353846153846154,113.53846153846155,FCFS,5,0.146,4.902908818981973,0.9677583881129719,612.5952255943159
18.0,1.1353846153846154,113.53846153846155,FCFS,6,0.291,3.3379174355858354,0.962897010000055,652.7752920979053
18.0,1.1353846153846154,113.53846153846155,FCFS,7,0.278,4.108672821366242,0.966574692511291,623.3475108272871
18.0,1.1353846153846154,113.53846153846155,FCFS,8,0.176,4.660830243458187,0.9629685488137053,614.8324727767333
18.0,1.1353846153846154,113.53846153846155,FCFS,9,0.199,3.9942083255004577,0.9713418608441008,612.883565737754
18.0,1.1353846153846154,113.53846153846155,FCFS,10,0.173,4.15678596594381,0.976130901373112,619.0255124682261
18.0,1.1353846153846154,113.53846153846155,FCFS,11,0.168,5.673837552292941,0.9874861052491768,623.8474920593341
18.0,1.1353846153846154,113.53846153846155,FCFS,12,0.304,3.5508922665256404,0.9806789218678774,605.2569706461189
18.0,1.1353846153846154,113.53846153846155,FCFS,13,0.315,3.0082152279539724,0.9774152342413579,617.3501523567683
18.0,1.1353846153846154,113.53846153846155,FCFS,14,0.158,5.5629492987059495,0.9663216881595782,636.2061094744446
18.0,1.1353846153846154,113.53846153846155,FCFS,15,0.433,3.012959693607837,0.9852628447423095,628.7594686151936
18.0,1.1353846153846154,113.53846153846155,FCFS,16,0.17,4.898929943606522,0.9889102136586324,636.1019163692979
18.0,1.1353846153846154,113.53846153846155,FCFS,17,0.21,4.971009736327128,0.9768591901792129,624.7309767210979
18.0,1.1353846153846154,113.53846153846155,FCFS,18,0.165,5.199967927509786,0.978773893243996,639.5164069712273
18.0,1.1353846153846154,113.53846153846155,FCFS,19,0.383,2.9449016961276224,0.9647364788425286,610.7726151807983
18.0,1.1353846153846154,113.53846153846155,FCFS,20,0.384,2.559764552879941,0.96819961828375,612.9049131529416
18.0,1.1353846153846154,113.53846153846155,FCFS,21,0.387,3.7451474489463292,0.9544438115971802,625.4894888575684
18.0,1.1353846153846154,113.53846153846155,FCFS,22,0.337,2.5973937638609677,0.9889153739808141,599.1674113611027
18.0,1.1353846153846154,113.53846153846155,FCFS,23,0.373,3.055074162762447,0.970579011403016,618.2582249115146
18.0,1.1353846153846154,113.53846153846155,FCFS,24,0.246,3.5629462744326643,0.9626155356880496,621.1033922158501
18.0,1.1353846153846154,113.53846153846155,FCFS,25,0.126,5.624957810811687,0.9630759085572956,640.4126109021141
18.0,1.1353846153846154,113.53846153846155,FCFS,26,0.413,2.7235418936985942,0.9801375672498663,609.1735661183092
18.0,1.1353846153846154,113.53846153846155,FCFS,27,0.324,4.051530585058055,0.9761333260597482,614.2271323441379
18.0,1.1353846153846154,113.53846153846155,FCFS,28,0.203,4.62693641675537,0.9760536514067755,621.6701794760893
18.0,1.1353846153846154,113.53846153846155,FCFS,29,0.224,3.629353019515032,0.9756179820192645,611.9358949610466
18.0,1.1353846153846154,113.53846153846155,FCFS,30,0.185,3.881491968845103,0.9784633403825891,612.5089567229663
18.0,1.1353846153846154,113.53846153846155,SJF,1,0.858,2.57799839720357,0.9404704264325066,627.9360509011675
18.0,1.1353846153846154,113.53846153846155,SJF,2,0.859,2.6716157635211237,0.9741037155627454,636.663185210045
18.0,1.1353846153846154,113.53846153846155,SJF,3,0.806,4.23440901656552,0.9689113856817152,651.5983670410436
18.0,1.1353846153846154,113.53846153846155,SJF,4,0.883,1.860971670206986,0.9635651494627714,600.2041963848923
18.0,1.1353846153846154,113.53846153846155,SJF,5,0.876,2.8909371697343973,0.9658559627129719,611.1840764958785
18.0,1.1353846153846154,113.53846153846155,SJF,6,0.892,2.18012030477841,0.9589822921495108,652.4164512101826
18.0,1.1353846153846154,113.53846153846155,SJF,7,0.861,2.5526125217170677,0.975055001144395,622.2457634965269
18.0,1.1353846153846154,113.53846153846155,SJF,8,0.838,2.8402896682050915,0.9425022853210359,616.1819639797892
18.0,1.1353846153846154,113.53846153846155,SJF,9,0.865,2.421846852964867,0.9450279049303223,614.2358288455026
18.0,1.1353846153846154,113.53846153846155,SJF,10,0.854,2.5485439788024453,0.9481194036154711,620.460033021814
18.0,1.1353846153846154,113.53846153846155,SJF,11,0.851,3.4161455905141267,0.9610272639283869,626.7006796929492
18.0,1.1353846153846154,113.53846153846155,SJF,12,0.876,2.211261045289922,0.9594704335919629,607.9252264297176
18.0,1.1353846153846154,113.53846153846155,SJF,13,0.882,1.9418105991972836,0.9659350697221686,619.4180308924372
18.0,1.1353846153846154,113.53846153846155,SJF,14,0.84,3.3736391343730823,0.9426245523901239,638.0317546882336
18.0,1.1353846153846154,113.53846153846155,SJF,15,0.883,2.037288814876143,0.9711848710204513,629.5956435030984
18.0,1.1353846153846154,113.53846153846155,SJF,16,0.865,2.9935983930230115,0.9594977418599506,638.8465363843384
18.0,1.1353846153846154,113.53846153846155,SJF,17,0.865,3.0485010444505214,0.956208162444152,625.3793416890949
18.0,1.1353846153846154,113.53846153846155,SJF,18,0.854,3.17201091864856,0.9867111745114214,638.3455746467256
18.0,1.1353846153846154,113.53846153846155,SJF,19,0.899,1.9226515551986487,0.9539386707206542,610.6366047958684
18.0,1.1353846153846154,113.53846153846155,SJF,20,0.895,1.7011974070172156,0.9659697952032151,612.7168651635834
18.0,1.1353846153846154,113.53846153846155,SJF,21,0.876,2.419859513760307,0.935384153551227,628.3704028621207
18.0,1.1353846153846154,113.53846153846155,SJF,22,0.907,1.6736731996727017,0.9631883441665211,600.9501167740013
18.0,1.1353846153846154,113.53846153846155,SJF,23,0.875,1.96658140006432,0.9499432686794532,620.8818391575543
18.0,1.1353846153846154,113.53846153846155,SJF,24,0.884,2.215394739107392,0.9575055070740031,621.7362310512398
18.0,1.1353846153846154,113.53846153846155,SJF,25,0.831,3.440209530726953,0.9716273746512152,639.6402348627174
18.0,1.1353846153846154,113.53846153846155,SJF,26,0.895,1.779157437197285,0.9636773758164376,611.072891443459
18.0,1.1353846153846154,113.53846153846155,SJF,27,0.866,2.5114963482572232,0.969219552348181,614.2078467706091
18.0,1.1353846153846154,113.53846153846155,SJF,28,0.855,2.801544156638296,0.9706554704993747,622.0412313516923
18.0,1.1353846153846154,113.53846153846155,SJF,29,0.885,2.2241942398233876,0.9448027522692258,613.6696860394418
18.0,1.1353846153846154,113.53846153846155,SJF,30,0.868,2.3924070813304095,0.9874512562363729,611.5546547622395
18.0,1.1353846153846154,113.53846153846155,EDF,1,0.251,3.5393476984007264,0.9713952943130105,626.5261930021043
18.0,1.1353846153846154,113.53846153846155,EDF,2,0.417,3.701883633477849,0.9616937596855977,636.2395085849548
18.0,1.1353846153846154,113.53846153846155,EDF,3,0.222,6.133324389075516,0.966011648240888,652.1312979479508
18.0,1.1353846153846154,113.53846153846155,EDF,4,0.472,2.3524132134414333,0.9611050782457977,599.1564490581578
18.0,1.1353846153846154,113.53846153846155,EDF,5,0.177,4.163709257339184,0.9733667715816368,611.7095508400912
18.0,1.1353846153846154,113.53846153846155,EDF,6,0.414,2.784062426079523,0.9675023647989248,651.869320474454
18.0,1.1353846153846154,113.53846153846155,EDF,7,0.393,3.5073858302739223,0.9694988713170272,622.7908895415806
18.0,1.1353846153846154,113.53846153846155,EDF,8,0.33,3.930969204184293,0.9824037638973633,614.557165050037
18.0,1.1353846153846154,113.53846153846155,EDF,9,0.246,3.258880594812972,0.979621984925492,612.2007063586377
18.0,1.1353846153846154,113.53846153846155,EDF,10,0.231,3.5333490245385146,0.9742437592644807,619.5397662592992
18.0,1.1353846153846154,113.53846153846155,EDF,11,0.233,4.988521083911929,0.9736285029744108,625.1787643060796
18.0,1.1353846153846154,113.53846153846155,EDF,12,0.435,3.001828552831146,0.9694150570167018,606.3285664772222
18.0,1.1353846153846154,113.53846153846155,EDF,13,0.512,2.421265966540834,0.9639885188807336,619.8817392149605
18.0,1.1353846153846154,113.53846153846155,EDF,14,0.235,4.885326470916854,0.9637523186836066,636.2805624358759
18.0,1.1353846153846154,113.53846153846155,EDF,15,0.548,2.5719650037086748,0.9757059029320524,629.7107369940738
18.0,1.1353846153846154,113.53846153846155,EDF,16,0.229,4.239348976713038,0.9734456706424317,637.3024529674437
18.0,1.1353846153846154,113.53846153846155,EDF,17,0.278,4.330673450583165,0.9484911322461833,626.5663606236184
18.0,1.1353846153846154,113.53846153846155,EDF,18,0.232,4.511549684560247,0.9646663346558608,640.310418515666
18.0,1.1353846153846154,113.53846153846155,EDF,19,0.503,2.4146889970326244,0.9664321668536512,610.3174089654192
18.0,1.1353846153846154,113.53846153846155,EDF,20,0.553,2.1212962110855553,0.9612889185534542,612.2318516714756
18.0,1.1353846153846154,113.53846153846155,EDF,21,0.446,3.327056144234365,0.9271792155116727,628.4032330827306
18.0,1.1353846153846154,113.53846153846155,EDF,22,0.582,2.0294135954902313,0.9796088442240051,600.0406763649287
18.0,1.1353846153846154,113.53846153846155,EDF,23,0.499,2.545565797802651,0.9604785465638028,619.8475156256138
18.0,1.1353846153846154,113.53846153846155,EDF,24,0.304,2.90124757753611,0.9576267205389926,622.2394045567327
18.0,1.1353846153846154,113.53846153846155,EDF,25,0.184,4.892393428519392,0.9794195695626716,639.7249785948204
18.0,1.1353846153846154,113.53846153846155,EDF,26,0.57,2.2517612873524473,0.9820599942391953,609.2595833032937
18.0,1.1353846153846154,113.53846153846155,EDF,27,0.379,3.484609017193642,0.965844040581656,614.5468148418856
18.0,1.1353846153846154,113.53846153846155,EDF,28,0.357,3.9709524460545476,0.9749338652702526,620.6488392206054
18.0,1.1353846153846154,113.53846153846155,EDF,29,0.239,3.0761488395816423,0.9784537522315387,610.9970340577676
18.0,1.1353846153846154,113.53846153846155,EDF,30,0.202,3.251236122168142,0.9574936593606147,613.1390351555214
18.0,1.1353846153846154,113.53846153846155,AHDETS,1,0.942,3.1744891954788756,0.9721610585209118,626.3710407593258
18.0,1.1353846153846154,113.53846153846155,AHDETS,2,0.927,3.017161470313174,0.964824331525448,636.2825990734885
18.0,1.1353846153846154,113.53846153846155,AHDETS,3,0.888,4.601157354319214,0.9660378581300519,650.0723242656896
18.0,1.1353846153846154,113.53846153846155,AHDETS,4,0.955,2.1912405759646876,0.955644102826641,601.9348365185832
18.0,1.1353846153846154,113.53846153846155,AHDETS,5,0.945,3.484993820020262,0.9429617447593777,614.0587289351729
18.0,1.1353846153846154,113.53846153846155,AHDETS,6,0.965,2.611379158857179,0.973269184751447,652.0520052526339
18.0,1.1353846153846154,113.53846153846155,AHDETS,7,0.936,2.935720292517654,0.9797696192432856,622.876430078401
18.0,1.1353846153846154,113.53846153846155,AHDETS,8,0.934,3.1726328051824866,0.9876506469163372,613.7616259912879
18.0,1.1353846153846154,113.53846153846155,AHDETS,9,0.948,2.6707918137772744,0.9601355415054622,614.0198644957311
18.0,1.1353846153846154,113.53846153846155,AHDETS,10,0.942,3.009197612332304,0.956211504919869,621.2469971168699
18.0,1.1353846153846154,113.53846153846155,AHDETS,11,0.912,3.9721065215131066,0.9754973400395741,625.6054333099843
18.0,1.1353846153846154,113.53846153846155,AHDETS,12,0.939,2.5653451194216976,0.9722544280505219,607.1638465866014
18.0,1.1353846153846154,113.53846153846155,AHDETS,13,0.962,2.3143500035982107,0.9643587303749479,620.2989066713533
18.0,1.1353846153846154,113.53846153846155,AHDETS,14,0.923,3.7447301817643797,0.971164726788513,635.6057882698444
18.0,1.1353846153846154,113.53846153846155,AHDETS,15,0.95,2.38505280393357,0.955548203151353,632.1774664256583
18.0,1.1353846153846154,113.53846153846155,AHDETS,16,0.942,3.348064261154233,0.9712125346562501,636.8968493728586
18.0,1.1353846153846154,113.53846153846155,AHDETS,17,0.933,3.460167417999535,0.9822146780180553,626.1976937319341
18.0,1.1353846153846154,113.53846153846155,AHDETS,18,0.922,3.6731254672386657,0.9543023071162743,642.2616753331596
18.0,1.1353846153846154,113.53846153846155,AHDETS,19,0.959,2.2885934240776127,0.9679932505346224,611.5372298548597
18.0,1.1353846153846154,113.53846153846155,AHDETS,20,0.968,2.2132734235292575,0.9674499103421872,614.2186470280362
18.0,1.1353846153846154,113.53846153846155,AHDETS,21,0.934,2.7291661554940974,0.9362068029354832,630.2519772349541
18.0,1.1353846153846154,113.53846153846155,AHDETS,22,0.977,1.9777611817438827,0.9736000178812819,601.0520456350343
18.0,1.1353846153846154,113.53846153846155,AHDETS,23,0.952,2.511497467529342,0.947872247196237,620.9530992134659
18.0,1.1353846153846154,113.53846153846155,AHDETS,24,0.952,2.7899113274522076,0.9818048178006784,620.0159758235178
18.0,1.1353846153846154,113.53846153846155,AHDETS,25,0.919,3.9743255200372007,0.9774883860753042,640.5712026597098
18.0,1.1353846153846154,113.53846153846155,AHDETS,26,0.964,1.968529875825325,0.9824270559920526,608.4510884643437
18.0,1.1353846153846154,113.53846153846155,AHDETS,27,0.937,2.8920470686738464,0.9605455007533387,615.588333717634
18.0,1.1353846153846154,113.53846153846155,AHDETS,28,0.933,3.3206829489816294,0.961467356760942,623.4353998576241
18.0,1.1353846153846154,113.53846153846155,AHDETS,29,0.964,2.5578328695302788,0.9728885726022819,611.6507720042002
18.0,1.1353846153846154,113.53846153846155,AHDETS,30,0.957,2.7818515724003454,0.9857579892212043,611.5351514951765
21.0,1.3246153846153845,132.46153846153845,FCFS,1,0.085,8.060224698365774,0.9850462370808112,624.3584518862106
21.0,1.3246153846153845,132.46153846153845,FCFS,2,0.132,8.158116438429385,0.9602592281061261,637.069906269812
21.0,1.3246153846153845,132.46153846153845,FCFS,3,0.125,10.268754574912784,0.9825697432294097,651.3786731190945
21.0,1.3246153846153845,132.46153846153845,FCFS,4,0.098,6.7865804009198305,0.986136843857533,597.7120178853628
21.0,1.3246153846153845,132.46153846153845,FCFS,5,0.091,8.599976534557516,0.9683952849468022,611.5631835182767
21.0,1.3246153846153845,132.46153846153845,FCFS,6,0.119,7.484601516196339,0.9566249029749859,652.8114527289821
21.0,1.3246153846153845,132.46153846153845,FCFS,7,0.126,7.912889716599577,0.950977590162679,624.1096832899564
21.0,1.3246153846153845,132.46153846153845,FCFS,8,0.072,8.35501248726998,0.9875068520649956,613.3803316082419
21.0,1.3246153846153845,132.46153846153845,FCFS,9,0.082,7.895625212166022,0.9561283027170722,614.120708244241
21.0,1.3246153846153845,132.46153846153845,FCFS,10,0.09,8.01217755861244,0.9656934511099146,621.0287710460844
21.0,1.3246153846153845,132.46153846153845,FCFS,11,0.113,9.316790779939259,0.9739066934638059,625.3340047433824
21.0,1.3246153846153845,132.46153846153845,FCFS,12,0.138,7.299276936228954,0.9741008977545632,605.9309580055134
21.0,1.3246153846153845,132.46153846153845,FCFS,13,0.097,6.992398747670231,0.9755624353334336,617.9544933351781
21.0,1.3246153846153845,132.46153846153845,FCFS,14,0.095,9.278113996114364,0.9658854400899296,636.2911352526328
21.0,1.3246153846153845,132.46153846153845,FCFS,15,0.152,6.832344738934516,0.9771433498965977,629.6379781053159
21.0,1.3246153846153845,132.46153846153845,FCFS,16,0.109,8.781199633173957,0.984172195293525,635.6701766332993
21.0,1.3246153846153845,132.46153846153845,FCFS,17,0.139,8.496681215206609,0.9661399832011203,626.9453833736447
21.0,1.3246153846153845,132.46153846153845,FCFS,18,0.089,9.041189715608759,0.9814489402071287,638.9183232179678
21.0,1.3246153846153845,132.46153846153845,FCFS,19,0.155,6.556667379860285,0.9713564397373505,609.8099081969028
21.0,1.3246153846153845,132.46153846153845,FCFS,20,0.131,6.510181299976163,0.9797330545076408,612.2165533037527
21.0,1.3246153846153845,132.46153846153845,FCFS,21,0.24,6.5358860900760645,0.9704200123096147,627.6806909033941
21.0,1.3246153846153845,132.46153846153845,FCFS,22,0.117,6.479787890351178,0.9729380678438153,600.8916535101589
21.0,1.3246153846153845,132.46153846153845,FCFS,23,0.179,6.668878731659397,0.9817712081323954,618.2358140285614
21.0,1.3246153846153845,132.46153846153845,FCFS,24,0.1,7.423236570030971,0.9804580708660067,619.381254356595
21.0,1.3246153846153845,132.46153846153845,FCFS,25,0.076,9.392754690063247,0.9859387236102505,639.8618860328195
21.0,1.3246153846153845,132.46153846153845,FCFS,26,0.135,6.668927665029557,0.9848720433384054,609.1223856135803
21.0,1.3246153846153845,132.46153846153845,FCFS,27,0.168,7.509807799072721,0.9822781133700441,613.7840286366879
21.0,1.3246153846153845,132.46153846153845,FCFS,28,0.093,8.441024832570386,0.97739609962975,621.8845294008561
21.0,1.3246153846153845,132.46153846153845,FCFS,29,0.114,7.549465569884567,0.9785587626722987,611.2496027526861
21.0,1.3246153846153845,132.46153846153845,FCFS,30,0.09,7.748421549042075,0.9760800522867435,612.6979340525976
21.0,1.3246153846153845,132.46153846153845,SJF,1,0.793,4.728229026700246,0.9746198048646344,625.5347238650525
21.0,1.3246153846153845,132.46153846153845,SJF,2,0.79,4.884826223071143,0.9562758424153487,638.0458495635338
21.0,1.3246153846153845,132.46153846153845,SJF,3,0.75,6.316367669523739,0.9631234916918439,651.2810764255581
21.0,1.3246153846153845,132.46153846153845,SJF,4,0.826,3.9064845242131585,0.9723733157457997,599.1119413822178
21.0,1.3246153846153845,132.46153846153845,SJF,5,0.796,4.903403283080001,0.972516643622341,611.8937151813
21.0,1.3246153846153845,132.46153846153845,SJF,6,0.829,4.546893987992922,0.9542251982973082,652.6841912676366
21.0,1.3246153846153845,132.46153846153845,SJF,7,0.799,4.708940252966552,0.9737697340930179,622.6603493316954
21.0,1.3246153846153845,132.46153846153845,SJF,8,0.777,4.920607767535825,0.9752113716566523,613.5024222254173
21.0,1.3246153846153845,132.46153846153845,SJF,9,0.808,4.521058406839006,0.9692150159502358,613.1514872368971
21.0,1.3246153846153845,132.46153846153845,SJF,10,0.805,4.687719130293379,0.9825519005360246,618.9559057530325
21.0,1.3246153846153845,132.46153846153845,SJF,11,0.771,5.483267956558165,0.9678242978255162,626.2877233634209
21.0,1.3246153846153845,132.46153846153845,SJF,12,0.805,4.270838081047463,0.972991799234164,607.011013916997
21.0,1.3246153846153845,132.46153846153845,SJF,13,0.818,4.107964250121052,0.9709421518019314,619.5984922765795
21.0,1.3246153846153845,132.46153846153845,SJF,14,0.794,5.5166825079256245,0.9707465753450963,635.8577404025821
21.0,1.3246153846153845,132.46153846153845,SJF,15,0.82,4.207771022166363,0.9866597793242986,629.5977682504987
21.0,1.3246153846153845,132.46153846153845,SJF,16,0.804,5.189212646526153,0.9875407515589221,635.9032694591663
21.0,1.3246153846153845,132.46153846153845,SJF,17,0.794,5.094586446048827,0.9761202092136005,625.3899510848984
21.0,1.3246153846153845,132.46153846153845,SJF,18,0.784,5.398337073023636,0.9552086524408441,640.9708351726958
21.0,1.3246153846153845,132.46153846153845,SJF,19,0.833,3.939325521981321,0.9814751422778479,609.7157908548218
21.0,1.3246153846153845,132.46153846153845,SJF,20,0.838,3.838776537000605,0.9576651128641074,612.8246980086758
21.0,1.3246153846153845,132.46153846153845,SJF,21,0.811,4.029738814024136,0.9828730147150649,625.9208285539041
21.0,1.3246153846153845,132.46153846153845,SJF,22,0.841,3.693913712347451,0.9629377914089959,601.8940035959614
21.0,1.3246153846153845,132.46153846153845,SJF,23,0.821,3.9445282950564393,0.9822721838761053,618.1683138993294
21.0,1.3246153846153845,132.46153846153845,SJF,24,0.814,4.354181396023992,0.984045184925721,619.9850475826288
21.0,1.3246153846153845,132.46153846153845,SJF,25,0.775,5.658161066423772,0.9487084458211091,641.7455821379286
21.0,1.3246153846153845,132.46153846153845,SJF,26,0.816,3.8850547508448074,0.9688342492432406,609.3626143419102
21.0,1.3246153846153845,132.46153846153845,SJF,27,0.793,4.485276739798592,0.9885457396561214,613.402274231404
21.0,1.3246153846153845,132.46153846153845,SJF,28,0.786,4.915603877300779,0.9781950447663271,620.9153690407472
21.0,1.3246153846153845,132.46153846153845,SJF,29,0.819,4.335518131343724,0.952402712662482,613.3520473100143
21.0,1.3246153846153845,132.46153846153845,SJF,30,0.806,4.4983930379399375,0.9610429463808421,613.25128887527
21.0,1.3246153846153845,132.46153846153845,EDF,1,0.115,7.272466087988247,0.9525869733978651,626.4504214962046
21.0,1.3246153846153845,132.46153846153845,EDF,2,0.216,7.358846737708039,0.9669652502257271,637.2658703401986
21.0,1.3246153846153845,132.46153846153845,EDF,3,0.175,9.423666670748732,0.970785613783402,652.8951198995154
21.0,1.3246153846153845,132.46153846153845,EDF,4,0.166,5.997237265308086,0.9702453446011884,599.3579230360797
21.0,1.3246153846153845,132.46153846153845,EDF,5,0.139,7.724227597601135,0.9801740475539413,612.0169737148831
21.0,1.3246153846153845,132.46153846153845,EDF,6,0.19,6.750678333901553,0.977766704125023,650.5655260054507
21.0,1.3246153846153845,132.46153846153845,EDF,7,0.221,7.10119691750943,0.9775962409526304,622.4723959739181
21.0,1.3246153846153845,132.46153846153845,EDF,8,0.103,7.485592009729058,0.9733227713016019,615.5788446499243
21.0,1.3246153846153845,132.46153846153845,EDF,9,0.12,6.999621639093988,0.9721551303158139,612.4674536972797
21.0,1.3246153846153845,132.46153846153845,EDF,10,0.137,7.264630800448523,0.9599293525292353,620.2983276928389
21.0,1.3246153846153845,132.46153846153845,EDF,11,0.162,8.455674353782598,0.9619724206416769,626.5211277008206
21.0,1.3246153846153845,132.46153846153845,EDF,12,0.19,6.542246420283664,0.9548071445633243,607.3244374624271
21.0,1.3246153846153845,132.46153846153845,EDF,13,0.141,6.212470218608042,0.9677442242516716,619.0481632649081
21.0,1.3246153846153845,132.46153846153845,EDF,14,0.146,8.46674764883635,0.9620465263375751,636.5981242545683
21.0,1.3246153846153845,132.46153846153845,EDF,15,0.233,6.102401551321509,0.9499567458289381,631.3617473920254
21.0,1.3246153846153845,132.46153846153845,EDF,16,0.162,7.976993988391524,0.9956282950825712,634.6343957692671
21.0,1.3246153846153845,132.46153846153845,EDF,17,0.183,7.72703838619316,0.9663485164669857,627.4162411695236
21.0,1.3246153846153845,132.46153846153845,EDF,18,0.143,8.205808948033297,0.9860623696869744,637.9195213867222
21.0,1.3246153846153845,132.46153846153845,EDF,19,0.295,5.811579427147238,0.9816336645571279,609.7192789627155
21.0,1.3246153846153845,132.46153846153845,EDF,20,0.186,5.794686927576501,0.9909095902943317,610.4452219554255
21.0,1.3246153846153845,132.46153846153845,EDF,21,0.332,5.905913910926107,0.9685180662376721,628.2025645672369
21.0,1.3246153846153845,132.46153846153845,EDF,22,0.173,5.7074752936887245,0.9828841971956549,600.9862974783762
21.0,1.3246153846153845,132.46153846153845,EDF,23,0.235,5.962998565860958,0.9808886856666837,617.797050997218
21.0,1.3246153846153845,132.46153846153845,EDF,24,0.154,6.6493852741871216,0.969337829259901,620.0895649049652
21.0,1.3246153846153845,132.46153846153845,EDF,25,0.118,8.512644278106226,0.9832645819961854,638.789594604156
21.0,1.3246153846153845,132.46153846153845,EDF,26,0.221,5.889865437972117,0.9865121866768601,609.072889001716
21.0,1.3246153846153845,132.46153846153845,EDF,27,0.28,6.749400573129838,0.9788161075735616,614.5675788434992
21.0,1.3246153846153845,132.46153846153845,EDF,28,0.121,7.613040203140921,0.9644957384764447,622.5585169626445
21.0,1.3246153846153845,132.46153846153845,EDF,29,0.162,6.854329688873264,0.9872040568254208,611.4117979442125
21.0,1.3246153846153845,132.46153846153845,EDF,30,0.123,6.963834957223028,0.9797507473595237,612.9207306798996
21.0,1.3246153846153845,132.46153846153845,AHDETS,1,0.876,5.1896880078613234,0.9609562123677171,626.7466726355979
21.0,1.3246153846153845,132.46153846153845,AHDETS,2,0.853,5.539794527690733,0.9733985511900372,636.9052569188824
21.0,1.3246153846153845,132.46153846153845,AHDETS,3,0.815,6.868679689120761,0.9626622915715849,653.4370915940749
21.0,1.3246153846153845,132.46153846153845,AHDETS,4,0.892,4.43391054206154,0.9619477007466398,601.5693666589242
21.0,1.3246153846153845,132.46153846153845,AHDETS,5,0.88,5.430643651927642,0.949558715579714,614.2683778176429
21.0,1.3246153846153845,132.46153846153845,AHDETS,6,0.891,5.141202448520943,0.9721730797083524,651.8975701879432
21.0,1.3246153846153845,132.46153846153845,AHDETS,7,0.863,5.285259385591456,0.9729676602790847,622.7276647212112
21.0,1.3246153846153845,132.46153846153845,AHDETS,8,0.861,5.467715811048281,0.9630336365477763,616.0180307510198
21.0,1.3246153846153845,132.46153846153845,AHDETS,9,0.875,5.093696762905904,0.9669931852868512,612.9195131657018
21.0,1.3246153846153845,132.46153846153845,AHDETS,10,0.872,5.221524959968994,0.981826056011416,619.1949525095914
21.0,1.3246153846153845,132.46153846153845,AHDETS,11,0.847,5.944525252449734,0.9900567034108756,624.7573394488458
21.0,1.3246153846153845,132.46153846153845,AHDETS,12,0.871,4.749560657857725,0.9766457662995198,606.4909251954205
21.0,1.3246153846153845,132.46153846153845,AHDETS,13,0.889,4.682478832464081,0.9757781423925653,620.3480264773931
21.0,1.3246153846153845,132.46153846153845,AHDETS,14,0.857,5.946555599412116,0.961181283425965,636.6966045596834
21.0,1.3246153846153845,132.46153846153845,AHDETS,15,0.884,4.579696799912175,0.9865550174143117,628.778834991101
21.0,1.3246153846153845,132.46153846153845,AHDETS,16,0.867,5.850205362232093,0.9678477581707585,637.267582004959
21.0,1.3246153846153845,132.46153846153845,AHDETS,17,0.86,5.636992886773894,0.9483968722658275,628.4162702042048
21.0,1.3246153846153845,132.46153846153845,AHDETS,18,0.857,5.9855254891851395,0.9737480186214951,640.9036341575104
21.0,1.3246153846153845,132.46153846153845,AHDETS,19,0.896,4.421584286863129,0.9680527487018932,610.9179613513885
21.0,1.3246153846153845,132.46153846153845,AHDETS,20,0.901,4.309412970095671,0.9665781813815845,613.5186997155781
21.0,1.3246153846153845,132.46153846153845,AHDETS,21,0.873,4.640334741683013,0.9563765253721084,629.4152818976493
21.0,1.3246153846153845,132.46153846153845,AHDETS,22,0.911,4.204866488207182,0.9638567424664626,601.4938148867205
21.0,1.3246153846153845,132.46153846153845,AHDETS,23,0.887,4.427711243137365,0.9656571369806396,619.0727651469224
21.0,1.3246153846153845,132.46153846153845,AHDETS,24,0.883,4.911911953793286,0.963517618338914,621.9059858384143
21.0,1.3246153846153845,132.46153846153845,AHDETS,25,0.851,6.122671861751484,0.9857678936543621,639.6981721886508
21.0,1.3246153846153845,132.46153846153845,AHDETS,26,0.9,4.192809485320776,0.9732298772334061,609.7606165531091
21.0,1.3246153846153845,132.46153846153845,AHDETS,27,0.876,4.879385875429991,0.9761482505688936,614.9525013723576
21.0,1.3246153846153845,132.46153846153845,AHDETS,28,0.862,5.486041300118852,0.9778506556679923,622.5865992214194
21.0,1.3246153846153845,132.46153846153845,AHDETS,29,0.897,4.766818860960483,0.9857147656797386,610.9160666057173
21.0,1.3246153846153845,132.46153846153845,AHDETS,30,0.885,4.997496539533884,0.9794474748400224,612.4688419174096
